,楼盘性质,楼盘单价,开发商名
0,住宅,均价 28500元/平,杭州滨信置业有限公司
1,住宅,均价 38000元/平,杭州荣耀盛灏置业有限公司
2,住宅,均价 14600元/平,杭州兴浦置业有限公司
3,住宅,均价 30000元/平,杭州融荣房地产开发有限公司
4,住宅,均价 22000元/平,杭州绿城浙诗置业有限公司
5,商业类,均价 23000元/平,杭州润庆置业有限公司
6,商业类,均价 32000元/平,杭州同达置业有限公司
7,商业类,均价 80000元/平,浙江久光房地产开发有限公司
8,商业类,均价 40000元/平,杭州盛寅房地产开发有限公司
9,商业类,均价 42000元/平,杭州禾睿房地产开发有限公司
10,住宅,均价 12800元/平,临安置润房产开发有限公司
11,别墅,总价 540-1020(万/套),浙江大华房地产开发有限公司
12,住宅,均价 15600元/平,杭州金宇房地产开发有限公司
13,住宅,均价 20600元/平,杭州富阳永通房地产开发有限公司
14,别墅,价格待定,杭州绿城凤起置业有限公司
15,写字楼,均价 27000元/平,杭州世茂瑞盈置业有限公司 
16,商业类,均价 32000元/平,中铁房地产集团华东有限公司
17,商业类,均价 20000元/平,杭州复曼达置业有限公司
18,住宅,均价 48000元/平,浙江东霖房地产开发有限公司
19,别墅,总价 880-1300(万/套),杭州中港绿泰房地产开发有限公司
20,写字楼,均价 26000元/平,杭州金骏房地产开发有限公司
21,别墅,总价 267-420(万/套),富汇房地产开发（富阳）有限公司 
22,住宅,均价 14500元/平,淳安怡和置业有限公司
23,住宅,均价 22000元/平,杭州新天地集团有限公司
24,写字楼,均价 23000元/平,杭州万通时尚置业有限公司
25,写字楼,均价 27000元/平,浙江正凯置业有限公司
26,写字楼,均价 30000元/平,浙江浙创置业有限公司
27,商业,均价 30000元/平,杭州蓝源置业有限公司
28,商业类,均价 40000元/平,杭州汇辉置业有限公司
29,写字楼,均价 19000元/平,浙江众安房地产开发有限公司
30,商业类,均价 50000元/平,亚洲包装中心有限公司
31,商业类,均价 20000元/平,杭州加悦都实业有限公司
32,商业类,均价 21000元/平,杭州禹禾房地产开发有限公司
33,住宅,总价 200-270(万/套),杭州万胜房地产开发有限公司
34,别墅,总价 513-966(万/套),杭州帝凯房地产开发有限公司
35,别墅,总价 700(万/套),杭州东海春房地产开发有限公司
36,别墅,总价 503-650(万/套),杭州千岛湖新天地文化发展有限公司
37,别墅,总价 850(万/套),富阳野风乐多房地产开发有限公司
38,商业类,均价 28000元/平,浙江信维信息科技有限公司
39,商业类,均价 22000元/平,浙江永和房地产开发有限公司
40,商业类,均价 16000元/平,浙江杭报金都创意产业发展有限公司
41,商业类,均价 24000元/平,浙江万融置业有限公司
42,商业类,均价 38000元/平,绿地控股集团杭州东城房地产开发有限公司
43,商业,均价 46000元/平,招商局地产（杭州）有限公司
44,商业,均价 17000元/平,杭州温商机电实业有限公司
45,商业,均价 21000元/平,杭州加悦都实业有限公司
46,别墅,总价 3500(万/套),杭州林庐房地产开发有限公司 
47,商业,均价 50000元/平,杭州万通时尚置业有限公司
48,商业类,均价 26000元/平,杭州盈坤置业有限公司
49,商业类,均价 24798元/平,杭州港联置业有限公司
50,写字楼,均价 43000元/平,亚洲包装中心有限公司
51,住宅,均价 9000元/平,浙江天骄置业有限公司
52,住宅,均价 17000元/平,桐庐飘鹰置业有限公司
53,别墅,总价 530-745(万/套),杭州金宇房地产开发有限公司
54,写字楼,均价 36000元/平,杭州泰悦置业有限公司
55,写字楼,均价 30000元/平,浙江华运信德房地产开发有限公司
56,住宅,均价 14000元/平,广州富力地产股份有限公司
57,底商,均价 55000元/平,暂无信息
58,住宅,均价 21600元/平,杭州越秀房地产开发有限公司
59,住宅,均价 18500元/平, 浙江佳源房地产集团有限公司
60,写字楼,均价 23000元/平,暂无信息
61,商业类,均价 18000元/平,杭州东部大学科技园建设有限公司
62,写字楼,均价 24000元/平,浙江万融置业有限公司
63,别墅,总价 336-480(万/套),浙江天骄置业有限公司
64,别墅,总价 1200-1500(万/套),杭州绿城银湖置业有限公司
65,商业类,均价 26000元/平,杭州宝力康华置业有限公司
66,别墅,总价 1700(万/套),杭州富阳万科房地产开发有限公司
67,写字楼,均价 27000元/平,杭州奥克斯置业有限公司
68,住宅,均价 20500元/平,杭州祥生弘达房地产开发有限公司
69,商业类,均价 47000元/平,杭州龙都置业有限公司
70,住宅,均价 19000元/平,杭州励骏置业有限公司
71,住宅,均价 12000元/平,杭州爱丽娜房地产开发有限公司
72,商业类,均价 25000元/平,中维地产浙江有限公司
73,住宅,均价 19000元/平,桐庐桐鑫房地产开发有限公司
74,住宅,均价 8000元/平,杭州冠富房地产开发有限公司
75,写字楼,均价 16000元/平,杭州汇高置地有限公司
76,写字楼,均价 25000元/平,浙江影视产业国际合作实验区西溪实业有限公司
77,住宅,均价 10700元/平,杭州临安佳伟房地产开发有限公司
78,住宅,价格待定,杭州临安朗茂置业有限公司
79,别墅,总价 450(万/套),杭州爱丽娜房地产开发有限公司
80,写字楼,均价 23000元/平,杭州祥瑞汽车产业园开发有限公司
81,商业,均价 13500元/平,杭州新天地集团有限公司
82,商业类,均价 35000元/平,杭州万璟置业有限公司
83,商业类,均价 48000元/平,杭州成禾房地产开发有限公司
84,别墅,总价 270-426(万/套),杭州绿地锦城房地产开发有限公司
85,底商,均价 35000元/平,杭州圆汇投资置业有限公司
86,商业类,均价 28000元/平,杭州望云房地产开发有限公司
87,商业,均价 25000元/平,杭州汇和置业有限公司
88,住宅,价格待定,杭州中冶名锦房地产开发有限公司
89,商业类,均价 65000元/平,杭州中冶名锦房地产开发有限公司
90,住宅,均价 8600元/平,杭州盛建置业有限公司
91,商业,均价 49000元/平, 杭州成禾房地产开发有限公司
92,住宅,均价 15000元/平,杭州千岛湖浙远房地产开发有限公司
93,底商,均价 27000元/平,杭州北辰置业有限公司
94,住宅,均价 12000元/平,临安云海置业有限公司
95,底商,均价 43750元/平,杭州汇辉置业有限公司
96,商业类,均价 16500元/平,杭州青山湖森林硅谷开发有限公司
97,写字楼,均价 21000元/平,杭州理想银泰购物中心有限公司
98,住宅,均价 19500元/平,杭州远邦房地产开发有限公司
99,商业类,均价 35000元/平,杭州商庭房地产开发有限公司
100,商业,均价 90000元/平,杭州禾睿房地产开发有限公司
101,商业,价格待定,杭州望云房地产开发有限公司
102,商业类,均价 29000元/平,杭州名宸置业有限公司
103,商业类,均价 38000元/平,杭州龙合实业有限公司
104,住宅,均价 45000元/平,杭州恒兴置业有限公司
105,商业类,均价 12000元/平,浙江临安环球交通物流有限公司
106,住宅,均价 14000元/平,杭州融阳政房地产开发有限公司
107,商业类,均价 29000元/平,杭州启迪协信建塘科技发展有限公司
108,商业类,均价 27500元/平,杭州西江置业有限公司
109,商业类,均价 35000元/平,杭州西投绿城置业有限公司
110,商业类,均价 48000元/平,杭州融威置业有限公司
111,住宅,均价 22000元/平,杭州景扬置业有限公司
112,写字楼,均价 31000元/平,杭州国逸实业有限公司
113,写字楼,均价 27000元/平,暂无信息
114,住宅,均价 22000元/平,杭州富睿置业有限公司
115,住宅,均价 18500元/平,杭州美煜房地产发展有限公司
116,别墅,总价 310-550(万/套),杭州美煜房地产发展有限公司
117,商业类,均价 31000元/平,杭州骏功置业有限公司
118,住宅,均价 18600元/平,杭州嘉怡置业有限公司
119,住宅,均价 15200元/平,杭州新湖鸬鸟置业有限公司
120,别墅,总价 260(万/套),杭州新湖鸬鸟置业有限公司
121,别墅,价格待定,杭州新惠房地产开发有限公司
122,住宅,均价 20000元/平,杭州轩湖房地产开发有限公司
123,别墅,总价 600(万/套),杭州融阳政房地产开发有限公司
124,底商,均价 40000元/平,杭州睿都置业有限公司
125,住宅,均价 11000元/平,杭州融旺房地产开发有限公司
126,住宅,均价 22000元/平,杭州祥生弘腾房地产开发有限公司
127,商业类,均价 35000元/平,杭州望景置业有限公司
128,别墅,总价 280-380(万/套),杭州精文文广投资有限公司
129,住宅,均价 32000元/平,杭州保利建嘉房地产开发有限公司
130,住宅,均价 10500元/平,杭州嘉缘房地产开发有限公司
131,住宅,均价 14500元/平,杭州汤姆房地产开发有限公司
132,住宅,均价 19099元/平,杭州美生美置业有限公司
133,别墅,总价 481-483(万/套),杭州越城房地产开发有限公司
134,别墅,总价 486-660(万/套),杭州富耀置业有限公司
135,商业类,均价 30000元/平,杭州世腾置业有限公司
136,底商,均价 37000元/平,杭州润庆置业有限公司
137,商业类,均价 31000元/平,杭州恒兴置业有限公司
138,住宅,均价 24000元/平,杭州昌茂置业有限公司
139,商业类,均价 22000元/平,杭州公望置业有限公司
140,住宅,均价 16000元/平,尚雅置业（杭州）有限公司
141,别墅,总价 266-315(万/套),尚雅置业（杭州）有限公司
142,商业类,均价 15000元/平,杭州君元数字科技有限公司
143,商业类,均价 23000元/平,杭州空港置业有限公司
144,别墅,总价 536(万/套),浙江新广发置业有限公司
145,商业,均价 43000元/平,嘉凯城城镇化建设发展（余杭闲林）有限公司
146,商业,均价 40000元/平,杭州西曙置业有限公司
147,商业类,均价 28000元/平,杭州新天地集团有限公司
148,住宅,均价 9800元/平,杭州越城房地产开发有限公司
149,住宅,均价 13300元/平,杭州澳澜房地产开发有限公司
150,住宅,均价 26200元/平,杭州祥生弘图房地产开发有限公司
151,住宅,均价 12000元/平,淳安润枫房地产开发有限公司
152,商业类,均价 32000元/平,杭州赞成美树置业有限公司
153,别墅,总价 850-1000(万/套),浙江暄竺实业有限公司
154,住宅,均价 21900元/平,杭州富耀置业有限公司
155,商业类,均价 25000元/平,杭州北麓房地产开发有限公司
156,商业类,均价 35000元/平,杭州港郦置业有限公司
157,住宅,均价 29800元/平,杭州秦茂置业有限公司
158,住宅,均价 25600元/平,杭州兴塘置业有限公司
159,住宅,均价 29800元/平,杭州锦宁置业有限公司
160,商业类,均价 37000元/平,杭州九耀置业有限公司
161,住宅,均价 25600元/平,杭州南璟置业有限公司
162,住宅,均价 22500元/平,杭州运塘房地产开发有限公司
163,别墅,总价 344-350(万/套),杭州运塘房地产开发有限公司
164,住宅,均价 18000元/平,淳安千岛湖森垄房地产开发有限公司
165,别墅,总价 565-898(万/套),杭州国申房地产开发有限公司
166,写字楼,均价 11000元/平,杭州越秀房地产开发有限公司
167,底商,均价 65000元/平,杭州融威置业有限公司
168,住宅,均价 10000元/平,淳安汇和房地产开发有限公司
169,住宅,均价 29000元/平,浙江星望置业有限公司
170,别墅,总价 351-358(万/套),淳安怡和置业有限公司
171,住宅,均价 19000元/平,杭州翠祥房地产有限公司
172,住宅,均价 36800元/平,甘建投（杭州）房地产有限公司
173,住宅,均价 22000元/平,杭州富阳乘光置业有限公司
174,写字楼,均价 22000元/平,杭州宏晟置业有限公司
175,住宅,均价 8800元/平,杭州弘涵房地产开发有限公司
176,商业,均价 50000元/平,嘉凯城城镇化建设发展（余杭星桥）有限公司
177,别墅,总价 220-530(万/套),杭州耕织园农业开发有限公司
178,住宅,均价 21000元/平,银城地产集团股份有限公司
179,商业类,均价 40000元/平,中锦联城控股有限公司
180,住宅,均价 20500元/平,杭州众安银晟置业有限公司
181,写字楼,均价 80000元/平,杭州信达奥体置业有限公司
182,住宅,均价 19800元/平,杭州景科房地产开发有限公司
183,住宅,均价 18000元/平,杭州瑞盛房地产开发有限公司
184,住宅,均价 31350元/平,杭州锦棠置业有限公司
185,住宅,均价 33500元/平,杭州滨锦房地产开发有限公司
186,住宅,价格待定,正腾置业（杭州）有限公司
187,住宅,价格待定,杭州鸿扬投资管理有限公司
188,住宅,价格待定,杭州鸿扬投资管理有限公司
189,写字楼,均价 48000元/平,杭州融威置业有限公司
190,写字楼,均价 67000元/平,浙江华峰房地产开发有限公司
191,底商,均价 40000元/平,杭州瑞进合能房地产开发有限公司
192,住宅,均价 38000元/平,杭州信尔置业有限公司
193,住宅,均价 16000元/平,杭州韵致科技有限公司
194,别墅,总价 525-645(万/套),杭州临安西子房地产开发有限公司
195,住宅,均价 28500元/平,杭州骏熠置业有限公司
196,住宅,均价 22600元/平,杭州华城房地产开发有限公司
197,住宅,均价 19800元/平,杭州星淑置业有限公司
198,住宅,价格待定,杭州融琴置业有限公司
199,住宅,价格待定,杭州滨拓企业管理有限公司
200,别墅,总价 551-933(万/套),杭州云石仙女湖置业有限公司
201,住宅,均价 29000元/平,杭州轩源实业有限公司
202,住宅,价格待定,杭州融珏实业有限公司
203,住宅,价格待定,杭州沃都房地产开发有限公司
204,住宅,价格待定,杭冠置业（杭州）有限公司
205,别墅,价格待定,杭冠置业（杭州）有限公司
206,别墅,总价 360-450(万/套),杭州鑫澜置业有限公司
207,别墅,总价 354-455(万/套),杭州众汇置业有限公司
208,住宅,价格待定,杭州英蓝置业有限公司
209,写字楼,价格待定,杭州滨硕实业有限公司
210,住宅,价格待定,杭州大江东地产开发有限公司
211,住宅,均价 18900元/平,杭州青曼置业有限公司
212,住宅,均价 24500元/平,杭州熙华房地产开发有限公司
213,住宅,均价 22500元/平,杭州临安西子房地产开发有限公司
214,住宅,均价 16500元/平,杭州辉都置业有限公司
215,住宅,均价 33400元/平,杭州龙悦有限公司
216,商业类,价格待定,招商局地产（杭州）有限公司
217,住宅,均价 66000元/平,杭州滨兴实业有限公司
218,住宅,价格待定,杭州滨甬实业有限公司
219,住宅,价格待定,华润新鸿基房地产（杭州）有限公司
220,住宅,价格待定,杭州地上房地产集团有限公司
221,住宅,价格待定,杭州新城骏宏恒锦房地产开发有限公司
222,商业类,价格待定,平高置业（杭州）有限公司
223,住宅,价格待定,杭州富阳景莱房地产开发有限公司
224,住宅,价格待定,杭州启祥房地产开发有限公司
225,住宅,价格待定,杭州市房地产开发集团有限公司
226,住宅,价格待定,杭州浩都房地产开发有限公司
227,商业类,均价 38000元/平,浙江赛智建设有限公司
228,住宅,价格待定,杭州中海海跃房地产有限公司
229,写字楼,均价 50000元/平,杭州兆顺房地产有限公司
230,住宅,均价 36100元/平,杭州润汀商业地产有限公司
231,住宅,均价 33000元/平,杭州保源置业有限公司
232,别墅,总价 1000-1900(万/套),富春江旅游度假区开发有限公司
233,别墅,总价 420(万/套),杭州辉都置业有限公司
234,住宅,均价 24000元/平,杭州星桂置业有限公司
235,住宅,价格待定,绿城房地产集团有限公司
236,住宅,均价 11000元/平,杭州恒晨置业有限公司
237,住宅,价格待定,杭州新黄浦滨致房地产开发有限公司
238,住宅,均价 46500元/平,金隅悦潮（杭州）房地产开发有限公司
239,住宅,均价 16100元/平,杭州德信临滨置业有限公司
240,别墅,价格待定,杭州华城房地产开发有限公司
241,住宅,均价 25000元/平,杭州嘉境房地产开发有限公司
242,写字楼,均价 26000元/平,杭州裕捷置业有限公司
243,写字楼,均价 20000元/平,平高置业（杭州）有限公司
244,住宅,价格待定,杭州绿金匠心置地有限公司
245,别墅,价格待定,杭州绿金匠心置地有限公司
246,住宅,价格待定,杭州嘉腾交控西站有限公司
247,住宅,价格待定,杭州滨晨房地产开发有限公司
248,住宅,价格待定,杭州新黄浦滨顺房地产开发有限公司
249,住宅,价格待定,杭州嘉颂房地产开发有限公司
250,住宅,价格待定,杭州会林盛和置业有限公司
251,住宅,均价 21300元/平,杭州滨耀置业有限公司
252,住宅,价格待定,杭州锦宇房地产开发有限公司
253,住宅,价格待定,杭州祥生弘德房地产开发有限公司
254,住宅,价格待定,杭州越文房地产开发有限公司
255,住宅,价格待定,中天建设集团有限公司
256,住宅,价格待定,浙江天都实业有限公司
257,商业类,价格待定,杭州钱和置业有限公司
258,别墅,价格待定,杭州滨江房产集团股份有限公司
259,底商,均价 35000元/平,杭州东望房地产开发有限公司
260,写字楼,均价 13000元/平,杭州东望房地产开发有限公司
261,住宅,价格待定,桐庐县金枝房地产开发有限公司
262,住宅,均价 30500元/平,杭州凤溪置业有限公司
263,商业,均价 35000元/平,杭州南璟置业有限公司
264,住宅,价格待定,杭州临安曙光商贸有限公司
265,住宅,价格待定,杭州滨建房地产开发有限公司
266,住宅,价格待定,杭州中海海犇房地产有限公司
267,商业类,均价 12000元/平,杭州和源置业有限公司
268,写字楼,均价 30000元/平,杭州龙悦有限公司
269,住宅,价格待定,杭州滨麟置业有限公司
270,别墅,价格待定,杭州银昇置业有限公司
271,住宅,价格待定,杭州北榆房地产开发有限公司
272,住宅,价格待定,广州粤港湾投资有限公司
273,住宅,价格待定,杭州鑫语置业有限公司
274,写字楼,均价 25000元/平,杭州海悦地产有限公司
275,商业,均价 45000元/平,杭州宝龙桃源实业发展有限公司
276,住宅,价格待定,杭州浙怡置业有限公司
277,写字楼,价格待定,绿地控股集团杭州东城房地产开发有限公司
278,住宅,价格待定,杭州银昇置业有限公司
279,住宅,价格待定,杭州伟星置业有限公司
280,底商,均价 45000元/平,杭州中璟邦达置业有限公司
281,住宅,均价 20000元/平,桐庐兆禧房地产有限公司
282,别墅,价格待定,桐庐兆禧房地产有限公司
283,写字楼,价格待定,杭州滨绍房地产开发有限公司
284,底商,均价 45000元/平,杭州宝龙桃源实业发展有限公司
285,别墅,总价 500(万/套),杭州青曼置业有限公司
286,写字楼,价格待定,杭州天坤实业有限公司
287,别墅,总价 1239-1260(万/套),浙江昆源房地产开发有限公司
288,别墅,均价 34000元/平,浙江森野房地产开发有限公司
289,商业类,均价 14500元/平,浙江艺博汇家饰城经营管理有限公司
290,住宅,均价 14000元/平,宁波杭州湾新区华旅置业有限公司
291,住宅,均价 17000元/平,同焜房地产开发（嘉善）有限公司
292,住宅,均价 24000元/平,绍兴金昌展业置业有限公司
293,住宅,均价 12500元/平,光明房地产集团股份有限公司
294,住宅,均价 7700元/平,绍兴嵊州品冠置业有限公司
295,别墅,总价 290-460(万/套),绍兴嵊州品冠置业有限公司
296,住宅,均价 14000元/平,港中旅（安吉）旅游发展有限公司
297,别墅,总价 300-360(万/套),港中旅（安吉）旅游发展有限公司
298,住宅,均价 7500元/平,长兴万鑫房地产开发有限公司
299,住宅,均价 18000元/平,安吉云顶置业有限公司
300,住宅,均价 8500元/平,浙江欣龙房地产开发有限公司
301,住宅,均价 30000元/平,绍兴汀光房地产开发有限公司
302,商业类,均价 17500元/平,绍兴市金翔置业有限公司
303,住宅,均价 13000元/平,宁波杭州湾新区海泉湾旅游开发有限公司
304,住宅,均价 15500元/平,嘉兴诺屹置业有限公司
305,住宅,均价 15000元/平,中荣地产（杭州）有限公司
306,住宅,均价 13000元/平,浙江均旭房地产开发有限公司
307,住宅,均价 12700元/平,湖州金睿置业有限公司
308,住宅,均价 14000元/平,浙江湖州宝辉房地产开发有限公司
309,商业类,均价 16500元/平,浙江伟业房产集团有限公司
310,住宅,均价 8600元/平,湖州锦瑞置业有限公司
311,住宅,均价 13500元/平,睿奥（嘉兴）房地产开发有限责任公司
312,别墅,总价 250-480(万/套),诸暨颐和康养度假产业开发有限公司
313,住宅,均价 26500元/平,绍兴宝泰置业有限公司
314,住宅,均价 19000元/平,绍兴越胜房地产开发有限公司
315,住宅,均价 24000元/平,绍兴茂旭置业有限公司
316,住宅,均价 11000元/平,桐乡金鸿嘉置业有限公司
317,住宅,均价 18500元/平,绍兴裕隆房地产开发有限公司
318,住宅,均价 12000元/平,绍兴金屹房地产开发有限公司
319,住宅,均价 7500元/平,绍兴鑫川置业有限公司
320,别墅,总价 270-310(万/套),绍兴鑫川置业有限公司
321,别墅,总价 390(万/套),绍兴拓石置业有限公司
322,住宅,均价 18125元/平,桐乡市濮院旅游有限公司
323,住宅,均价 17973元/平,桐乡市濮院旅游有限公司
324,住宅,均价 10900元/平,海盐鸿科地置业有限公司
325,住宅,均价 24300元/平,绍兴荣杭房地产开发有限公司
326,住宅,均价 14500元/平,浙江嘉兴金乾房地产开发有限公司
327,商业,均价 30000元/平,嘉凯城城镇化建设发展(绍兴)有限公司
328,住宅,均价 7600元/平,绍兴瑜杰房地产开发有限公司
329,商业,均价 30000元/平,绍兴新滨房地产开发有限公司
330,别墅,总价 647-665(万/套),暂无信息
331,住宅,均价 27600元/平,保亿悦城（绍兴）房地产开发有限公司
332,住宅,均价 15500元/平,海宁鸿恩置业有限公司
333,别墅,总价 1100(万/套),诸暨颐和置业有限公司
334,住宅,均价 24300元/平,绍兴香州置业有限公司
335,住宅,均价 19800元/平,绍兴益驰置业有限公司
336,别墅,总价 400-637(万/套),绍兴颐康置业有限公司
337,住宅,均价 23500元/平,绍兴星尚置业有限公司
338,住宅,均价 21666元/平,武汉地产绍兴统建城市开发有限公司
339,住宅,均价 23800元/平,绍兴金翎置业有限公司
340,住宅,均价 12500元/平,绍兴柯桥宝红房地产开发有限公司
341,住宅,均价 18500元/平,绍兴聚嵘置业有限公司
342,商业,均价 30000元/平,绍兴可萌房地产开发有限公司
343,住宅,均价 9380元/平,绍兴鸿裕置业有限公司
344,住宅,均价 15800元/平,桐乡市匠心房地产开发有限公司
345,住宅,均价 17500元/平,桐乡市嘉筑置业有限公司
346,住宅,均价 16900元/平,嘉善骏跃房地产开发有限公司
347,住宅,均价 18000元/平,嘉善县世纪房产开发有限公司
348,住宅,均价 13750元/平,浙江科大实业投资集团有限公司
349,别墅,总价 230-310(万/套),绍兴市上虞舜泰房产开发有限公司
350,住宅,均价 24500元/平,海宁鸿杭置业有限公司
351,住宅,均价 14000元/平,海宁金越房地产开发有限公司
352,住宅,均价 13000元/平,暂无信息
353,住宅,均价 25000元/平,浙江万城实业集团有限公司
354,商业,均价 11000元/平,绍兴远大房地产开发有限公司
355,住宅,均价 12000元/平,海宁华欣房产有限公司
356,别墅,总价 271-311(万/套),海宁华欣房产有限公司
357,商业类,均价 11000元/平,诸暨颐和置业有限公司
358,别墅,总价 416-680(万/套),湖州海王康山置业发展有限公司
359,住宅,均价 13000元/平,浙江万城实业集团有限公司
360,住宅,均价 8800元/平,嵊州新邻里置业有限公司
361,住宅,均价 24500元/平,浙江万城实业集团有限公司
362,住宅,均价 13300元/平,宁波杭州湾新区海鹏置业有限公司
363,住宅,均价 22400元/平,融创
364,住宅,均价 13770元/平,绍兴亿晋房地产开发有限公司
365,住宅,均价 18963元/平,桐乡市濮院旅游有限公司
366,住宅,均价 12650元/平,嘉兴市嘉川房地产开发有限公司
367,住宅,均价 8500元/平,暂无信息
368,别墅,总价 450(万/套),嘉兴市嘉川房地产开发有限公司
369,住宅,均价 14000元/平,绍兴明石置业有限公司
370,住宅,均价 15500元/平,湖州美安置业有限公司
371,住宅,均价 19750元/平,嘉兴裕恒房地产开发有限公司
372,住宅,均价 8800元/平,浙江亿和房地产开发有限公司
373,住宅,均价 14500元/平,诸暨市亿昌房地产开发有限公司
374,住宅,均价 22500元/平,绍兴越辉置业有限公司
375,住宅,均价 11000元/平,湖州悦馨置业有限公司
376,住宅,均价 12800元/平,宁波杭州湾天美欢乐家园置地有限公司
377,商业,均价 15000元/平,嵊州新邻里置业有限公司
378,住宅,均价 12750元/平,嘉兴筑垣置业有限公司
379,住宅,均价 20100元/平,嘉兴万昆房地产开发有限公司
380,住宅,均价 13000元/平,嘉善鸿翔中金置业有限公司
381,写字楼,均价 15000元/平,嘉兴润桐置业有限公司
382,住宅,均价 12800元/平,嘉兴市秀鑫置业有限公司
383,写字楼,均价 22000元/平,地盛集团股份有限公司
384,住宅,均价 12430元/平,湖州正黄置业有限公司
385,住宅,均价 13500元/平,湖州竹胜园房地产有限公司
386,住宅,均价 24000元/平,嘉兴金桐房地产开发有限公司
387,住宅,均价 22500元/平,嘉兴瑞达运营管理有限公司
388,别墅,总价 330-400(万/套),睿奥（嘉兴）房地产开发有限责任公司
389,商业,均价 11000元/平,诸暨市诸邦置业有限公司
390,住宅,均价 16800元/平,嘉兴万贤建设开发有限公司
391,别墅,总价 550-1200(万/套),湖州竹胜园房地产有限公司
392,住宅,均价 15000元/平,平湖市鸿正房地产开发有限公司
393,住宅,均价 22500元/平,嘉兴锦川置业有限公司
394,商业,均价 10000元/平,湖州织里浙北大厦购物广场有限公司
395,住宅,均价 13500元/平,嘉兴卓航房地产开发有限公司
396,住宅,均价 31000元/平,绍兴新樾置业有限公司
397,酒店式公寓,均价 9800元/平,绍兴中泰投资置业有限公司
398,住宅,均价 14050元/平,嘉兴锦致置业有限公司
399,别墅,总价 1000(万/套),嘉兴锦致置业有限公司
400,住宅,均价 13000元/平,诸暨康宇房地产开发有限公司
401,住宅,均价 15650元/平,嘉兴臻和置业有限公司
402,住宅,均价 9500元/平,诸暨市远光置业有限公司
403,住宅,均价 23062元/平,桐乡市桐新房地产开发有限公司
404,别墅,总价 350(万/套),湖州悦馨置业有限公司
405,住宅,均价 18000元/平,绍兴云辉置业有限公司
406,别墅,价格待定,暂无信息
407,住宅,总价 268(万/套),杭州启辉置业有限公司
408,住宅,均价 20800元/平,浙江南都置业有限公司
409,住宅,价格待定,杭州万璟置业有限公司
410,住宅,均价 30700元/平,杭州金宸房地产开发有限公司
411,别墅,总价 915(万/套),杭州振兴置业投资有限公司
412,商业类,价格待定,暂无信息
413,商业类,均价 23000元/平,杭州嘉融置业有限公司
414,别墅,总价 388(万/套),杭州创华置业有限公司
415,别墅,价格待定,杭州绿九启奥置业有限公司
416,别墅,价格待定,杭州融悦房地产开发有限公司
417,住宅,均价 40230元/平,杭州盛寅房地产开发有限公司
418,住宅,价格待定,杭州恺泽房地产开发有限公司
419,住宅,均价 59200元/平,金隅中铁诺德（杭州）房地产开发有限公司
420,住宅,均价 47170元/平,兴茂置业（杭州）有限公司
421,住宅,均价 24652元/平,杭州金兴房地产开发有限公司
422,别墅,总价 1284(万/套),杭州盛寅房地产开发有限公司
423,别墅,总价 283(万/套),杭州碧城置业有限公司
424,住宅,均价 33300元/平,杭州滨欣房地产开发有限公司
425,住宅,均价 25200元/平,杭州滨翰房地产开发有限公司
426,别墅,价格待定,杭州良悦置业有限公司
427,别墅,总价 836(万/套),杭州滨翰房地产开发有限公司
428,别墅,总价 2300(万/套),杭州金泓置业有限公司
429,别墅,总价 500(万/套),杭州碧泰置业有限公司
430,别墅,价格待定,暂无信息
431,别墅,价格待定,杭州亚马逊置业有限公司
432,别墅,价格待定,杭州都成置业有限公司
433,别墅,价格待定,杭州泓升房地产开发有限公司
434,别墅,价格待定,杭州恺兴房地产开发有限公司 
435,商业类,均价 23000元/平,杭州新城美佳房地产开发有限公司
436,住宅,均价 15000元/平,临安鸿盛房地产开发有限公司
437,别墅,价格待定,杭州销颖房地产开发有限公司
438,住宅,价格待定,杭州金渝房地产开发有限公司
439,别墅,总价 410(万/套),暂无信息
440,商业类,均价 21000元/平,杭州朗正置业有限公司
441,住宅,价格待定,杭州融恒置业有限公司
442,住宅,价格待定,浙江国恒西溪置业有限公司
443,住宅,总价 283(万/套),杭州东田上庭置业有限公司
444,住宅,价格待定,暂无信息
445,别墅,总价 871(万/套),杭州北辰置业有限公司
446,住宅,总价 628(万/套),杭州融浩置业有限公司
447,别墅,总价 2400(万/套),暂无信息
448,住宅,价格待定,杭州丽湖房地产开发有限公司
449,住宅,价格待定,杭州绿城东和置业有限公司
450,别墅,总价 469(万/套),杭州龙湖房地产开发有限公司
451,别墅,价格待定,杭州鑫贤置业有限公司
452,别墅,总价 526(万/套),杭州滨宏房地产开发有限公司
453,住宅,价格待定,杭州万霖置业有限公司
454,住宅,价格待定,杭州越荣房地产开发有限公司
455,住宅,均价 21300元/平,杭州碧辰置业有限公司
456,住宅,均价 26318元/平,浙江德盛置业有限公司
457,商业类,均价 23000元/平,杭州开元世纪置业有限公司
458,住宅,价格待定,杭州金昇房地产开发有限公司
459,住宅,均价 56000元/平,绿地控股集团杭州东城房地产开发有限公司
460,底商,价格待定,杭州西溪汇金置业有限公司 
461,住宅,价格待定,杭州景帆置业有限公司
462,住宅,均价 18156元/平,杭州碧悦置业有限公司
463,住宅,均价 11500元/平,杭州晶华房地产开发有限公司
464,别墅,总价 400(万/套),杭州恺泽房地产开发有限公司
465,住宅,均价 45800元/平,杭州三湘印象置业有限公司
466,住宅,均价 29800元/平,杭州绿城朝阳置业有限公司
467,别墅,总价 260(万/套),杭州绿城朝阳置业有限公司
468,住宅,价格待定,浙江建投发展房地产开发有限公司
469,商业类,价格待定,杭州威新房地产开发有限公司
470,住宅,价格待定,汇耀置业（杭州）有限公司
471,住宅,价格待定,浙江中大正能量房地产有限公司
472,住宅,价格待定,暂无信息
473,住宅,价格待定,杭州滨江盛元海岸房地产开发有限公司
474,住宅,价格待定,杭州天名房地产有限公司
475,住宅,价格待定,杭州贝利金都置业有限公司
476,别墅,价格待定,保亿置业（杭州）有限公司
477,住宅,均价 70000元/平,杭州世茂嘉年华置业有限公司
478,住宅,价格待定,杭州新城创盛房地产开发有限公司
479,别墅,价格待定,杭州贝利金都置业有限公司
480,住宅,价格待定,杭州紫元康盛房地产开发有限公司
481,住宅,价格待定,暂无信息
482,住宅,价格待定,暂无信息
483,住宅,价格待定,杭州昆盛房地产开发有限公司
484,住宅,均价 35000元/平,杭州中栋房地产开发有限公司
485,住宅,价格待定,杭州臻博房地产开发有限公司
486,住宅,价格待定,杭州振兴置业投资有限公司
487,住宅,价格待定,浙江运河协安置业有限公司
488,住宅,价格待定,杭州保利建锦房地产开发有限公司 
489,商业类,均价 29000元/平,杭州新天地集团有限公司
490,住宅,价格待定,杭州首开龙泰房地产开发有限公司
491,住宅,价格待定,杭州旭开置业有限公司
492,别墅,总价 1180(万/套),杭州振兴置业投资有限公司
493,住宅,均价 31000元/平,杭州嘉凯城滨虹房地产开发有限公司
494,住宅,价格待定,杭州德城置业有限公司
495,住宅,价格待定,暂无信息
496,住宅,价格待定,杭州博越房地产开发有限公司
497,住宅,价格待定,暂无信息
498,住宅,价格待定,暂无信息
499,住宅,价格待定,杭州铭昇达房地产开发有限公司
500,商业类,价格待定,暂无信息
501,住宅,价格待定,杭州滨绿房地产开发有限公司
502,商业类,价格待定,杭州中栋房地产开发有限公司
503,商业类,价格待定,杭州中大圣马置业有限公司
504,住宅,价格待定,杭州晶立置业有限公司
505,住宅,价格待定,杭州余杭雅居乐房地产开发有限公司
506,住宅,价格待定,暂无信息
507,住宅,价格待定,杭州卓越城置业有限公司
508,住宅,价格待定,暂无信息
509,住宅,价格待定,杭州弘筑置业有限公司 
510,住宅,价格待定,中铁房地产集团杭州京兆置业有限公司
511,住宅,价格待定,金隅（杭州）房地产开发有限公司
512,住宅,价格待定,杭州名城博园置业有限公司
513,住宅,价格待定,杭州景腾房地产开发有限公司 
514,住宅,价格待定,杭州安泽房地产开发有限公司 
515,住宅,价格待定,浙江东日房地产开发有限公司
516,商业类,价格待定,杭州信全置业有限公司
517,商业类,价格待定,杭州东宇润城房地产开发有限公司
518,商业类,价格待定,浙江好安好居置业有限公司
519,别墅,价格待定,杭州众安房地产开发有限公司
520,别墅,价格待定,杭州余杭绿城房地产开发有限公司
521,住宅,价格待定,杭州城发置业发展有限公司
522,住宅,价格待定,杭州嘉浩房地产开发有限公司
523,住宅,价格待定,杭州嘉谊置业有限公司
524,住宅,价格待定,杭州万科大家房地产开发有限公司
525,住宅,价格待定,杭州北辰置业有限公司
526,住宅,价格待定,杭州金地香湖房地产开发有限公司
527,住宅,价格待定,暂无信息
528,住宅,价格待定,杭州金樽房地产开发有限公司
529,别墅,价格待定,暂无信息
530,商业类,价格待定,杭州昊元置业有限公司
531,住宅,价格待定,杭州高庆房地产有限公司
532,商业类,均价 40000元/平,杭州欢乐城投资有限公司
533,住宅,价格待定,杭州润安置业有限公司
534,住宅,价格待定,浙江新兰得置业有限公司
535,住宅,价格待定,浙江得力房地产开发有限公司
536,住宅,价格待定,杭州安源房地产开发有限公司
537,住宅,价格待定,杭州万通邦信置业有限公司
538,住宅,价格待定,杭州东晖房地产开发有限公司
539,住宅,总价 94(万/套),浙江嘉丰房地产开发有限公司 
540,商业类,价格待定,富邦置业集团有限公司  
541,住宅,价格待定,淮矿地产（杭州）有限公司
542,住宅,均价 23740元/平,杭州新东海置业有限公司
543,住宅,价格待定,杭州越秀房地产开发有限公司
544,住宅,价格待定,杭州新城鼎佳房地产开发有限公司 
545,住宅,价格待定,杭溪隆业房地产（杭州）有限公司
546,住宅,价格待定,杭州林庐房地产开发有限公司 
547,住宅,价格待定,锦兴房地产开发（杭州）有限公司
548,住宅,价格待定,杭州恺筑融信房地产开发有限公司
549,住宅,价格待定,杭州万溢置业有限公司
550,住宅,价格待定,杭州联富房地产开发有限公司
551,住宅,价格待定,望华房地产（杭州）有限公司
552,商业类,价格待定,浙江全景置业有限公司
553,住宅,价格待定,杭州新城创佳房地产开发有限公司
554,住宅,价格待定,浙江大华房地产开发有限公司
555,住宅,价格待定,暂无信息
556,住宅,价格待定,杭州上实置业有限公司
557,住宅,价格待定, 杭州碧桂园房地产开发有限公司
558,住宅,价格待定,暂无信息
559,住宅,价格待定,杭州中华企业房地产发展有限公司
560,商业类,价格待定,浙江玉海房地产开发有限公司
561,住宅,总价 355(万/套),杭州金成金都置业有限公司
562,别墅,价格待定,杭州金成金都置业有限公司
563,住宅,价格待定,杭州龙瑞房地产开发有限公司
564,商业类,价格待定,杭州滨江商博房地产开发有限公司
565,住宅,价格待定,杭州尚诚置业有限公司
566,住宅,价格待定,浙江万科南都房地产有限公司
567,住宅,价格待定,杭州万鼎置业有限公司
568,住宅,价格待定,招商局地产（杭州）有限公司
569,住宅,价格待定,暂无信息
570,住宅,价格待定,杭州滨润房地产开发有限公司
571,住宅,价格待定,杭州万旭置业有限公司
572,住宅,总价 172(万/套),浙江华成置业发展有限公司
573,住宅,价格待定,杭州启富房地产开发有限公司
574,住宅,价格待定,杭州金来房地产开发有限公司
575,住宅,价格待定,浙江北大资源地产有限公司
576,商业类,均价 27000元/平,杭州天泽房地产开发有限公司 
577,别墅,价格待定,杭州美林房地产开发有限公司
578,住宅,价格待定,杭州天帆置业有限公司
579,住宅,总价 182(万/套),杭州亚马逊置业有限公司
580,住宅,价格待定,浙江南都置业有限公司
581,住宅,价格待定,杭州金来房地产开发有限公司
582,住宅,价格待定,杭州京瑞置业有限公司
583,住宅,均价 31500元/平,杭州濠江房地产开发有限公司 
584,住宅,价格待定,杭州万通杭昀置业有限公司
585,住宅,价格待定,暂无信息
586,住宅,价格待定,杭州首开旭泰房地产开发有限公司
587,住宅,价格待定,杭州凯华投资有限公司
588,住宅,价格待定,杭州锦繁置业有限公司
589,住宅,价格待定,杭州祥生弘远房地产开发有限公司
590,别墅,总价 621(万/套),杭州百合房地产开发有限公司
591,商业类,均价 31280元/平,杭州信融置业有限公司
592,住宅,价格待定,暂无信息
593,别墅,价格待定,浙江物产良渚花苑房地产开发有限公司
594,住宅,价格待定,杭州野风欣代房地产开发有限公司 
595,住宅,价格待定,温州大都市建设开发有限公司余杭分公司
596,住宅,价格待定,杭州尼罗河置业有限公司
597,别墅,总价 1678(万/套),杭州尼罗河置业有限公司
598,住宅,均价 22799元/平,暂无信息
599,住宅,价格待定,暂无信息
600,别墅,价格待定,暂无信息
601,住宅,价格待定,杭州中港绿泰房地产开发有限公司
602,别墅,总价 2368(万/套),杭州新城创宏房地产开发有限公司
603,别墅,价格待定,暂无信息
604,商业类,价格待定,暂无信息
605,住宅,价格待定,浙江天都实业有限公司
606,商业类,价格待定,杭州泰地置业有限公司
607,商业类,价格待定,杭州明石置业有限公司
608,商业类,价格待定,杭州港龙置业有限公司
609,住宅,价格待定,杭州西溪山庄房地产开发有限公司
610,别墅,价格待定,杭州林庐房地产开发有限公司 
611,商业类,价格待定,杭州新明置业投资有限公司
612,商业类,均价 40000元/平,杭州中月置业有限公司
613,住宅,均价 13500元/平,杭州百合房地产开发有限公司
614,商业类,价格待定,暂无信息
615,别墅,价格待定,杭州润鸿置业有限公司
616,别墅,价格待定,杭州滨江盛元海岸房地产开发有限公司
617,商业类,价格待定,杭州众安盛隆鲤鱼门置业有限公司
618,别墅,价格待定,杭溪隆业房地产（杭州）有限公司
619,别墅,价格待定,暂无信息
620,商业类,价格待定,暂无信息
621,别墅,价格待定,浙江百家乐房地产开发有限公司
622,住宅,价格待定,杭州旭广置业有限公司
623,住宅,价格待定,暂无信息
624,商业类,价格待定,杭州淘天地房地产开发有限公司
625,商业类,价格待定,浙江弄口恒祺置业有限公司
626,商业类,价格待定,杭州余杭奥克斯古墩置业有限公司
627,住宅,价格待定,杭州恺泽房地产开发有限公司
628,别墅,价格待定,杭州恺泽房地产开发有限公司
629,别墅,价格待定,杭州金来房地产开发有限公司
630,住宅,价格待定,杭州润都房地产开发有限公司
631,住宅,价格待定,杭州建申房地产开发有限公司
632,住宅,价格待定,暂无信息
633,别墅,价格待定,杭州嘉浩房地产开发有限公司
634,住宅,价格待定,暂无信息
635,商业类,价格待定,杭州绿凯房地产开发有限公司
636,住宅,价格待定,杭州梦溪房地产开发有限公司
637,住宅,价格待定,杭州华瑞房地产开发有限公司
638,住宅,价格待定,杭州恒和蕾束置业有限公司
639,别墅,总价 353(万/套),杭州恒和蕾束置业有限公司
640,住宅,价格待定,暂无信息
641,住宅,价格待定,杭州洲际房地产开发有限公司 
642,住宅,总价 190(万/套),杭州明华置业有限公司
643,别墅,价格待定,杭州明华置业有限公司
644,别墅,价格待定,桐庐大奇山郡置业有限公司
645,别墅,价格待定,杭州财和房地产开发有限公司
646,别墅,价格待定,杭州世茂新里程置业有限公司
647,商业类,价格待定,杭州新宏房地产开发有限公司
648,住宅,价格待定,暂无信息
649,住宅,价格待定,浙江广鸿房地产开发有限公司
650,住宅,价格待定,广宇集团股份有限公司
651,别墅,价格待定,杭州开元世纪置业有限公司
652,住宅,价格待定,顺发恒业有限公司
653,写字楼,价格待定,海墅房地产开发（杭州）有限公司
654,商业,均价 40000元/平,浙江和润天成置业有限公司
655,写字楼,价格待定,杭州富亿房地产开发有限公司
656,写字楼,价格待定,杭州远洋运河商务区开发有限公司
657,别墅,总价 600(万/套),杭州梦溪房地产开发有限公司
658,别墅,总价 1100(万/套),杭州华滋绿城房地产有限公司
659,商业类,价格待定,杭州理想银泰购物中心有限公司
660,商业类,价格待定,杭州宝龙房地产开发有限公司
661,商业类,价格待定,杭州合能房地产开发有限公司
662,写字楼,均价 23000元/平,杭州淘天地房地产开发有限公司
663,别墅,价格待定,杭州瑞富房地产开发有限公司
664,住宅,价格待定,杭州隽安房地产开发有限公司
665,商业类,价格待定,杭州拓江置业有限公司
666,住宅,价格待定,杭州龙禧房地产开发有限公司
667,别墅,总价 1450(万/套),杭州绿野房地产开发有限公司
668,商业类,均价 25000元/平,杭州大涵置业有限公司
669,商业类,价格待定,杭州世融汇盈置业有限公司
670,商业类,价格待定,杭州绿都实业投资有限公司
671,商业,价格待定,杭州新明置业投资有限公司
672,住宅,价格待定,杭州澳澜房地产开发有限公司
673,住宅,价格待定,杭州新融盛耀置业有限公司
674,住宅,价格待定,杭州蓝源置业有限公司
675,住宅,价格待定,杭州白鹭房地产开发有限公司
676,商业,价格待定,浙江卓伟置业有限公司
677,商业类,价格待定,暂无信息
678,住宅,价格待定,浙江康誉置业有限公司
679,住宅,价格待定,暂无信息
680,别墅,价格待定,杭州钱江城发展有限公司
681,别墅,价格待定,杭州万宁置业有限公司
682,商业类,价格待定,杭州富力房地产开发有限公司
683,别墅,价格待定,杭州益荣房地产开发有限公司
684,别墅,总价 595(万/套),临安西子房地产开发有限公司
685,住宅,价格待定,杭州京滨置业有限公司
686,住宅,均价 15289元/平,杭州临安南洋房地产有限公司
687,住宅,价格待定,杭州明华置业有限公司
688,住宅,价格待定,杭州美孚房地产开发有限公司
689,商业类,价格待定,杭州万通时尚置业有限公司
690,别墅,价格待定,杭州翡翠城房地产开发有限公司
691,别墅,价格待定,杭州金世纪房地产开发有限公司
692,别墅,价格待定,杭州滨江盛元房地产开发有限公司
693,别墅,总价 600(万/套),富阳东润置业有限公司
694,别墅,价格待定,浙江南都置业有限公司
695,住宅,价格待定,淳安大千古街旅游开发有限公司
696,别墅,价格待定,临安中天房地产开发有限公司
697,别墅,价格待定,暂无信息
698,别墅,价格待定,金隅（杭州）房地产开发有限公司
699,别墅,总价 369(万/套),暂无信息
700,别墅,总价 72(万/套),浙江三江房地产开发有限公司
701,住宅,价格待定,杭州龙湖房地产开发有限公司
702,别墅,价格待定,杭州新城鼎佳房地产开发有限公司 
703,别墅,价格待定,浙江南都置业有限公司
704,住宅,价格待定,杭州萧山梅花楼置业有限公司
705,商业,均价 25000元/平,杭州港龙置业有限公司
706,商业,均价 35000元/平,暂无信息
707,商业类,价格待定,暂无信息
708,住宅,价格待定,杭州百达房地产开发有限公司
709,住宅,价格待定,杭州长龙置业有限公司
710,住宅,价格待定,杭州鹏跃置业有限公司
711,住宅,价格待定,杭州金世纪房地产开发有限公司
712,住宅,价格待定,杭州益荣房地产开发有限公司
713,住宅,价格待定,杭州新城德佳房地产开发有限公司
714,商业,价格待定,暂无信息
715,住宅,价格待定,杭州瑞金房地产有限公司 
716,住宅,价格待定,浙江金澳置业有限公司
717,住宅,价格待定,杭州和昌置业发展有限公司
718,住宅,价格待定,暂无信息
719,住宅,价格待定,杭州祥生弘盛房地产开发有限公司
720,别墅,价格待定,杭州祥生弘盛房地产开发有限公司
721,住宅,价格待定,杭州融御置业有限公司
722,别墅,价格待定,杭州奥诚房地产有限公司
723,住宅,均价 12000元/平,浙江金诺房地产开发有限公司
724,住宅,均价 16396元/平,暂无信息
725,住宅,价格待定,杭州朗优置业有限公司
726,住宅,均价 21100元/平,杭州富阳碧水源房地产有限公司
727,住宅,价格待定,杭州融汇前江置业有限公司
728,住宅,价格待定,海宁祥生房地产开发有限公司
729,住宅,均价 65981元/平,暂无信息
730,住宅,均价 13000元/平,杭州复泰旅游开发有限公司
731,别墅,总价 652(万/套),杭州复泰旅游开发有限公司
732,住宅,价格待定,杭州千岛湖望湖度假村有限公司
733,住宅,价格待定, 杭州千岛湖房地产开发有限公司
734,商业,价格待定,杭州尚诚置业有限公司
735,商业,价格待定,杭州草庄置业有限公司
736,写字楼,价格待定,杭州中大圣马置业有限公司
737,别墅,价格待定,暂无信息
738,商业,价格待定,杭州恒都房地产开发有限公司
739,写字楼,价格待定,杭州中基太平洋置业有限公司
740,商业,价格待定,杭州萧水投资置业有限公司
741,写字楼,价格待定,杭州广盛置业有限公司
742,商业,价格待定,杭州亿丰亿贤置业有限公司
743,商业,总价 300(万/套),富阳华都山水房地产开发有限公司 
744,写字楼,总价 350(万/套),华润置地（杭州）发展有限公司
745,写字楼,价格待定,杭州海威房地产开发有限公司
746,写字楼,价格待定,杭州金汇房地产开发有限公司
747,商业,价格待定,杭州倍邦置业有限公司
748,商业,价格待定,暂无信息
749,商业,价格待定,杭州原禾安芯置业有限公司
750,商业,均价 30000元/平,港中旅成得（杭州）置业有限公司
751,写字楼,价格待定,暂无信息
752,住宅,价格待定,杭州鸿都置业有限公司
753,写字楼,价格待定,绿地控股集团（浙江）房地产开发有限公司
754,住宅,价格待定,杭州京科置业有限公司
755,商业,均价 30000元/平,杭州万泽实业发展有限公司
756,写字楼,价格待定,杭州蒋村新区建设有限公司
757,商业,价格待定,浙江双鎏置业有限公司
758,住宅,均价 18928元/平,杭州东海春房地产开发有限公司
759,写字楼,价格待定,杭州鹏龙实业投资有限公司
760,商业,均价 60000元/平,杭州安泽房地产开发有限公司 
761,商业类,价格待定,富阳天鸿房地产开发有限公司
762,商业类,价格待定,杭州天城房地产开发有限公司
763,商业,总价 315(万/套),杭州越隽房地产开发有限公司
764,商业,价格待定,杭州褐石房地产开发有限公司  
765,商业类,均价 40000元/平,浙江中冠房地产开发有限公司 
766,写字楼,价格待定,杭州中豪五星国际置业有限公司
767,别墅,价格待定,杭州钱塘房地产开发集团有限公司
768,商业,均价 40000元/平,浙江胤超置业有限责任公司
769,商业,总价 150(万/套),浙江好安好居置业有限公司
770,商业,总价 200(万/套),杭州万鼎置业有限公司
771,商业类,价格待定,杭州涛巴京实业有限公司
772,商业,价格待定,杭州涛巴京实业有限公司
773,住宅,价格待定,杭州中铁和丰置业有限公司 
774,住宅,价格待定,杭州滨旭置业有限公司
775,写字楼,价格待定, 杭州越辉房地产开发有限公司
776,别墅,价格待定,杭州东晖房地产开发有限公司
777,住宅,价格待定,杭州金世纪房地产开发有限公司
778,商业类,均价 40000元/平,杭州纽安能置业有限公司
779,住宅,价格待定,杭州新城松郡房地产开发有限公司
780,别墅,价格待定,杭州隽安房地产开发有限公司
781,写字楼,价格待定,杭州盛旺君投资有限公司
782,商业,价格待定,杭州恺筑融信房地产开发有限公司
783,商业,均价 35000元/平,暂无信息
784,别墅,价格待定,杭州恺融房地产开发有限公司
785,商业,价格待定,暂无信息
786,住宅,价格待定,杭州恺融房地产开发有限公司
787,商业类,价格待定,暂无信息
788,商业,价格待定,暂无信息
789,住宅,价格待定,杭州中惠房地产开发有限公司
790,商业类,价格待定,浙江北大资源地产有限公司
791,商业类,均价 27000元/平,杭州云泽置业有限公司
792,住宅,价格待定,暂无信息
793,住宅,价格待定,杭州滨通房地产开发有限公司
794,住宅,均价 34742元/平,杭州弘驿置业有限公司
795,写字楼,价格待定,暂无信息
796,商业,价格待定,暂无信息
797,商业,价格待定,暂无信息
798,商业,均价 22000元/平,杭州余杭雅居乐房地产开发有限公司
799,商业类,均价 20000元/平,金隅（杭州）房地产开发有限公司
800,住宅,价格待定,杭州金合置业有限公司
801,商业类,价格待定,杭州钱江浮山房地产开发有限公司
802,别墅,总价 660(万/套),杭州中港绿泰房地产开发有限公司
803,商业类,均价 14500元/平,杭州复泰旅游开发有限公司
804,商业类,价格待定,暂无信息
805,写字楼,价格待定,杭州富春硅谷投资有限公司
806,商业,总价 288(万/套),杭州鹏浩置业有限公司
807,写字楼,均价 14500元/平,杭州天达置业有限公司
808,商业类,均价 42000元/平,杭州三花国际大厦有限公司
809,写字楼,价格待定,杭州合诚置业有限公司
810,写字楼,均价 45000元/平,浙江爱茵霍芬置业有限公司
811,写字楼,价格待定,杭州余杭西子置业有限公司
812,写字楼,价格待定,杭州墅源房地产开发有限公司
813,写字楼,价格待定,杭州九鑫投资有限公司
814,别墅,价格待定,杭州通策宝群置业有限公司
815,住宅,价格待定,杭州恺兴房地产开发有限公司 
816,写字楼,价格待定,杭州金基房地产开发有限公司
817,住宅,均价 14000元/平,杭州千岛湖安通房地产开发有限公司
818,商业,价格待定,暂无信息
819,商业类,价格待定,暂无信息
820,写字楼,均价 28000元/平,杭州和景置业有限公司
821,商业,价格待定,杭州恺筑融信房地产开发有限公司
822,写字楼,均价 17500元/平,富阳海通房地产有限公司
823,商业,均价 35000元/平,杭州昆盛房地产开发有限公司
824,商业,均价 32000元/平,浙江中冠房地产开发有限公司 
825,住宅,价格待定,杭州融悦房地产开发有限公司
826,住宅,价格待定,杭州融欣房地产开发有限公司
827,住宅,价格待定,杭州万宁置业有限公司
828,住宅,价格待定, 杭州碧桂园房地产开发有限公司
829,商业类,均价 25000元/平,杭州钧顺房地产开发有限公司
830,住宅,价格待定,浙江天都实业有限公司
831,商业,价格待定,招商局地产（杭州）有限公司
832,别墅,价格待定,杭州新城德佳房地产开发有限公司
833,商业,价格待定,杭州龙元房地产开发有限公司
834,住宅,价格待定,杭州祥生弘景房地产开发有限公司
835,商业,价格待定,暂无信息
836,商业类,价格待定,浙江恒发置业有限公司
837,商业类,均价 32000元/平,浙江影视产业国际合作实验区西溪实业有限公司
838,住宅,价格待定,杭州龙昊房地产开发有限公司
839,住宅,价格待定,杭州万珑置业有限公司
840,商业,价格待定,杭州广都投资有限公司
841,商业,价格待定,杭州博越房地产开发有限公司
842,商业类,均价 21000元/平,浙江海陆控股集团有限公司
843,商业,价格待定,杭州首开龙泰房地产开发有限公司
844,商业,均价 40000元/平,杭州宝旭房地产开发有限公司
845,商业,均价 80000元/平,杭州天帆置业有限公司
846,住宅,价格待定,杭州宸远招盛置业有限公司
847,住宅,价格待定,中维地产浙江有限公司
848,住宅,价格待定,杭州众旭置业有限公司
849,商业,价格待定,暂无信息
850,商业类,均价 35000元/平,浙江一统实业有限公司	
851,写字楼,价格待定,杭州宋都房地产集团有限公司
852,住宅,均价 18960元/平,杭州销颖房地产开发有限公司
853,住宅,价格待定,暂无信息
854,商业,价格待定,杭州天祥房地产有限公司
855,商业类,均价 15000元/平,杭州桐庐中欧城开发有限公司
856,住宅,均价 15338元/平,杭州碧泰置业有限公司
857,商业类,价格待定,杭州万珑置业有限公司
858,商业,均价 40000元/平,杭州大涵置业有限公司
859,商业,价格待定,杭州越秀房地产开发有限公司
860,别墅,总价 472(万/套),杭州易辰房地产开发有限公司
861,住宅,价格待定,杭州茂国悦盈置业有限公司
862,别墅,价格待定,桐庐大奇山郡置业有限公司
863,住宅,价格待定,杭州中南御锦置业有限公司
864,别墅,总价 947(万/套),临安金基房地产开发有限公司
865,住宅,价格待定,杭州融誉房地产开发有限公司
866,商业,均价 25000元/平,杭州桐庐中欧城开发有限公司
867,商业类,价格待定,绿地控股集团杭州众银置业有限公司
868,商业类,均价 34000元/平,杭州中润瑞丰置业有限公司
869,住宅,均价 18000元/平,桐庐加贝置业有限公司
870,商业类,价格待定,暂无信息
871,商业类,均价 24000元/平,杭州华瑞房地产开发有限公司
872,住宅,价格待定,杭州泓升房地产开发有限公司
873,商业类,价格待定,杭州西溪汇金置业有限公司 
874,商业,价格待定,杭州高扬国际贸易有限公司
875,商业类,均价 45000元/平,杭州亚润置业有限公司
876,商业,价格待定,杭州中大圣马置业有限公司
877,商业,均价 25000元/平,暂无信息
878,住宅,价格待定,杭州美润房地产有限公司
879,商业,价格待定,杭州新融盛耀置业有限公司
880,商业类,均价 32000元/平,杭州宇威置业有限公司
881,住宅,价格待定,杭州鑫贤置业有限公司
882,商业,均价 50000元/平,杭州复拓置业有限公司
883,商业类,均价 36000元/平,浙江天伟置业有限公司
884,商业类,均价 17500元/平,杭州顺程置业有限公司
885,商业类,价格待定,杭州长裕房地产开发有限公司
886,住宅,均价 42000元/平,杭州朗优置业有限公司
887,商业,均价 40000元/平,浙江弄口恒祺置业有限公司
888,住宅,均价 36700元/平,杭州北辰置业有限公司
889,住宅,价格待定,暂无信息
890,商业,价格待定, 杭州旭海置业有限公司
891,别墅,价格待定,杭州宜品房地产开发有限公司
892,商业类,价格待定,杭州天马置业有限公司
893,住宅,价格待定,杭州隽烜房地产开发有限公司
894,住宅,价格待定,杭州绿峰置业有限公司
895,住宅,价格待定,杭州信鸿置业有限公司
896,商业类,均价 48000元/平,暂无信息
897,住宅,价格待定,杭州鑫湖置业有限公司
898,商业类,均价 24000元/平,杭州富春硅谷投资有限公司
899,写字楼,价格待定,暂无信息
900,别墅,价格待定,杭州富阳融创置业有限公司
901,住宅,价格待定,杭州创华置业有限公司
902,住宅,均价 28000元/平,杭州金泓置业有限公司
903,住宅,价格待定,杭州嘉科置业有限公司
904,商业,价格待定,杭州广盛置业有限公司
905,商业类,价格待定,杭州中巢置业有限公司
906,住宅,价格待定,杭州汇荣欣悦房地产开发有限公司
907,住宅,总价 200(万/套),温州大都市建设开发有限公司余杭分公司
908,商业类,价格待定,杭州祥生弘远房地产开发有限公司
909,住宅,价格待定,杭州融大齐云置业有限公司
910,住宅,价格待定,杭州信达地产有限公司
911,商业类,价格待定,杭州嘉腾房地产开发有限公司
912,住宅,价格待定,杭州荣美置业有限公司
913,住宅,价格待定,杭州绿城凤起置业有限公司
914,住宅,价格待定,杭州锦和置业有限公司
915,住宅,价格待定, 浙江润和房产集团有限公司
916,住宅,价格待定,杭州滨保房地产开发有限公司
917,住宅,价格待定,杭州绿城申润置业有限公司
918,别墅,均价 15500元/平,杭州春盛置业有限公司
919,住宅,价格待定,暂无信息
920,住宅,价格待定,杭州众汇置业有限公司
921,住宅,价格待定,杭州良悦置业有限公司
922,住宅,均价 42310元/平,招商局地产（杭州）有限公司
923,住宅,均价 47000元/平,杭州中海宏鲲房地产有限公司
924,住宅,价格待定,杭州金臻阳房地产开发有限公司
925,住宅,价格待定,杭州振兴置业投资有限公司
926,住宅,价格待定,杭州龙尚房地产开发有限公司
927,住宅,价格待定,浙江浦源置业有限公司
928,别墅,总价 609(万/套),杭州湘源房地产开发有限公司
929,住宅,价格待定,杭州汇高置地有限公司
930,住宅,价格待定,杭州东辉置业有限公司
931,别墅,价格待定,杭州东辉置业有限公司
932,住宅,价格待定,杭州金湖房地产开发有限公司
933,住宅,价格待定,杭州绿九启奥置业有限公司
934,商业类,价格待定,杭州郡威置业有限公司
935,商业类,均价 45000元/平,杭州保亿奥体置业有限公司
936,住宅,总价 465(万/套),杭州港中旅城市发展有限公司
937,住宅,价格待定,杭州泓璟达房地产开发有限公司
938,住宅,价格待定,杭州融辉置业有限公司
939,商业类,价格待定, 杭州旭海置业有限公司
940,商业类,均价 46000元/平,杭州中赢华倬置业有限公司
941,写字楼,均价 47000元/平,浙江浩然置业有限公司
942,商业,价格待定,浙江港中旅置业有限公司
943,商业,均价 30000元/平,杭州金湖房地产开发有限公司
944,商业类,均价 33500元/平,杭州金湖房地产开发有限公司
945,住宅,价格待定,杭州宜品房地产开发有限公司
946,商业类,均价 30000元/平,浙江和润天成置业有限公司
947,写字楼,均价 30000元/平,杭州捍联置业有限公司
948,住宅,均价 23380元/平,临安中天房地产开发有限公司
949,商业类,价格待定,杭州通策宝群置业有限公司
950,别墅,价格待定,浙江德广置业有限公司
951,住宅,均价 48100元/平, 杭州信达奥体置业有限公司
952,住宅,均价 20000元/平,杭州湘源房地产开发有限公司
953,住宅,均价 11800元/平,莱蒙置业（富阳）有限公司
954,住宅,均价 20000元/平,杭州临安融金置业有限公司
955,住宅,价格待定,杭州睿成房地产开发有限公司
956,写字楼,价格待定,浙江中冠房地产开发有限公司 
957,商业类,均价 35000元/平,华润万家购物中心（杭州）有限公司
958,别墅,价格待定,杭州融欣房地产开发有限公司
959,住宅,价格待定,杭州荣都置业有限公司
960,住宅,均价 21500元/平,杭州地上房地产集团有限公司
961,住宅,价格待定,杭州宋都房地产集团有限公司
962,商业,价格待定,杭州富力房地产开发有限公司
963,写字楼,均价 29000元/平,杭州安泽房地产开发有限公司 
964,写字楼,价格待定,杭州康信置业有限公司
965,商业,价格待定,杭州润安置业有限公司
966,别墅,总价 216(万/套),杭州临盛置业有限公司
967,住宅,总价 195(万/套),建德万固房地产开发有限公司
968,商业类,价格待定,杭州美润房地产有限公司
969,商业类,均价 27500元/平,暂无信息
970,商业,均价 35000元/平,杭州中润瑞丰置业有限公司
971,商业类,价格待定, 杭州齐联锦泰实业投资有限公司
972,别墅,均价 15000元/平,宝龙星创实业（杭州）有限公司
973,住宅,均价 50000元/平,杭州振兴置业投资有限公司
974,商业类,均价 21000元/平,杭州鑫瑞置业有限公司
975,商业,价格待定,杭州郡威置业有限公司
976,商业,均价 30000元/平,杭州西桥房地产有限公司
977,商业类,价格待定,杭州西桥房地产有限公司
978,别墅,总价 976(万/套),杭州西溪山庄房地产开发有限公司
979,商业类,均价 37000元/平,杭州雄凯实业有限公司
980,商业类,价格待定,杭州龙韬置业有限公司
981,商业类,均价 26000元/平,杭州康源置业有限公司
982,住宅,均价 32000元/平,杭州新城美佳房地产开发有限公司
983,住宅,价格待定,联发集团杭州房地产开发有限公司
984,别墅,价格待定,联发集团杭州房地产开发有限公司
985,住宅,总价 314(万/套),杭州玉宸地产有限公司
986,住宅,均价 31000元/平,杭州滨顺房地产开发有限公司
987,商业,总价 1400(万/套),杭州保亿奥体置业有限公司
988,商业,均价 26000元/平,休斯顿投资管理（杭州）有限公司
989,别墅,总价 1400(万/套),杭州青枫房地产开发有限公司
990,住宅,价格待定,杭州富阳天鸿置业投资有限公司
991,住宅,价格待定,浙江清水湾置业有限公司
992,商业,总价 950(万/套),暂无信息
993,底商,价格待定,杭州众旭置业有限公司
994,底商,价格待定,杭州中南嘉伟置业有限公司
995,底商,均价 13000元/平,杭州众安盛隆鲤鱼门置业有限公司
996,底商,价格待定,杭州融欣房地产开发有限公司
997,别墅,总价 308(万/套),莱蒙置业（富阳）有限公司
998,商业类,均价 40000元/平,杭州世茂嘉年华置业有限公司
999,底商,均价 29500元/平,杭州余杭奥克斯古墩置业有限公司
1000,住宅,价格待定,杭州翡翠城房地产开发有限公司
1001,住宅,均价 35377元/平,杭州东胜置业有限公司
1002,住宅,均价 28600元/平,临安金基房地产开发有限公司
1003,住宅,价格待定,暂无信息
1004,住宅,价格待定,暂无信息
1005,商业类,价格待定,海联控股集团有限公司 
1006,写字楼,均价 23000元/平,杭州中栋房地产开发有限公司
1007,住宅,价格待定,杭州坤鑫置业有限公司
1008,住宅,均价 24200元/平,杭州旭都房地产开发有限公司
1009,住宅,价格待定,暂无信息
1010,商业类,均价 35000元/平,暂无信息
1011,住宅,均价 17000元/平,杭州碧锦置业有限公司
1012,商业,均价 40000元/平,杭州百年坊房地产开发有限公司
1013,别墅,总价 608(万/套),临安成龙房地产开发有限公司  
1014,底商,均价 28000元/平,杭州紫元康盛房地产开发有限公司
1015,底商,价格待定,杭州品富房地产开发有限公司
1016,底商,价格待定,杭州天马置业有限公司
1017,底商,均价 50000元/平,杭州世茂新领域房地产开发有限公司
1018,底商,总价 225(万/套),杭州滨通房地产开发有限公司
1019,商业,价格待定,嘉里置业（杭州）有限公司
1020,住宅,均价 19777元/平,杭州骏锦实业发展有限公司
1021,写字楼,均价 32000元/平,杭州振泽房地产开发有限公司
1022,住宅,总价 252(万/套),浙江德晨置业有限公司
1023,住宅,均价 18500元/平,杭州临盛置业有限公司
1024,住宅,均价 19800元/平,杭州景翔置业有限公司
1025,住宅,均价 18000元/平,杭州龙耀实业有限公司
1026,住宅,均价 16700元/平,杭州临安丰润置业有限公司
1027,住宅,均价 18500元/平,杭州天园置业有限公司
1028,住宅,均价 17536元/平,杭州国能房地产开发有限公司
1029,住宅,均价 16500元/平,浙江青山湖科研创新基地投资有限公司
1030,住宅,价格待定,杭州锦坤房地产开发有限公司
1031,商业类,均价 13000元/平,杭州群万置业有限公司
1032,住宅,均价 13500元/平,暂无信息
1033,别墅,总价 464(万/套),杭州盛都置业有限公司
1034,住宅,均价 20000元/平,暂无信息
1035,住宅,均价 21500元/平,海宁景科房地产开发有限公司
1036,住宅,均价 34028元/平,杭州金霖房地产开发有限公司
1037,别墅,总价 550(万/套),海宁景科房地产开发有限公司
1038,商业类,均价 30000元/平,杭州祥瑞汽车产业园开发有限公司
1039,别墅,总价 667(万/套),杭州金霖房地产开发有限公司
1040,住宅,均价 25909元/平,杭州保欣置业有限公司
1041,住宅,均价 18000元/平,杭州越秀房地产开发有限公司
1042,住宅,总价 546(万/套),暂无信息
1043,商业类,均价 42000元/平,暂无信息
1044,住宅,价格待定,杭州拱运房地产有限公司
1045,别墅,价格待定,杭州富阳天鸿置业投资有限公司
1046,别墅,价格待定,杭州金昇房地产开发有限公司
1047,住宅,均价 40400元/平,杭州金唐房地产开发有限公司
1048,商业类,总价 129(万/套),杭州资辉置业有限公司
1049,住宅,价格待定,杭州京辉置业有限公司
1050,商业类,均价 40000元/平,杭州钧德房地产开发有限公司
1051,住宅,均价 28500元/平,杭州科昇房地产开发有限公司
1052,底商,均价 55000元/平,杭州中润瑞丰置业有限公司
1053,住宅,均价 28800元/平,杭州科筑投资开发有限公司
1054,别墅,总价 750(万/套),杭州龙孜投资管理有限公司
1055,商业类,均价 11950元/平,浙江恒伟控股集团杭州生物科技有限公司
1056,住宅,均价 45000元/平,杭州龙孜投资管理有限公司
1057,住宅,均价 39800元/平,杭州星悦房地产开发有限公司
1058,商业类,均价 33000元/平,杭州杭盛房地产开发有限公司
1059,住宅,均价 19781元/平,杭州展骧实业有限公司
1060,别墅,价格待定,暂无信息
1061,住宅,总价 158(万/套),杭州龙湖房地产开发有限公司
1062,住宅,价格待定,杭州融歆房地产开发有限公司
1063,住宅,均价 34800元/平,杭州弘筑置业有限公司 
1064,别墅,总价 223(万/套),暂无信息
1065,住宅,均价 17000元/平,杭州碧盛置业有限公司
1066,住宅,均价 18500元/平,杭州地上房地产集团有限公司
1067,住宅,价格待定,杭州融鑫翰置业有限公司
1068,住宅,价格待定,杭州银弘实业有限责任公司
1069,住宅,均价 19592元/平,杭州鑫悦置业有限公司
1070,商业类,均价 33000元/平,杭州杭远房地产开发有限公司
1071,商业类,均价 28000元/平,杭州天佑农业科技有限公司
1072,商业,价格待定,杭州旅游投资发展有限公司
1073,住宅,价格待定,杭州上麟置业有限公司
1074,住宅,价格待定,浙江德鸿置业有限公司
1075,住宅,均价 25200元/平,杭州瀚源房地产开发有限责任公司
1076,住宅,价格待定,杭州辰祥房地产有限公司
1077,住宅,总价 310(万/套),杭州天同房地产开发有限公司
1078,别墅,总价 639(万/套),杭州天同房地产开发有限公司
1079,商业,价格待定,杭州威新房地产开发有限公司
1080,商业类,均价 18000元/平,杭州滨江盛元海岸房地产开发有限公司
1081,住宅,均价 47000元/平,杭州中海襄晟房地产有限公司
1082,别墅,价格待定,浙江德鸿置业有限公司
1083,住宅,价格待定,杭州滨保实业有限公司
1084,住宅,均价 45800元/平,杭州龙合实业有限公司
1085,住宅,总价 196(万/套),暂无信息
1086,住宅,均价 25200元/平,杭州融晅房地产开发有限公司
1087,住宅,均价 19700元/平,杭州临安融成置业有限公司
1088,住宅,均价 16300元/平,杭州锦临置业有限公司
1089,住宅,均价 19308元/平,暂无信息
1090,别墅,价格待定,杭州荣德置业有限公司
1091,别墅,价格待定,浙江新兰得置业有限公司
1092,住宅,均价 29000元/平,杭州新锦置业有限公司
1093,别墅,总价 586(万/套),杭州融晅房地产开发有限公司
1094,住宅,总价 320(万/套),杭州保亿湘越置业有限公司
1095,别墅,价格待定,杭州瑞成房地产开发有限公司
1096,住宅,均价 13200元/平,富汇房地产开发（富阳）有限公司
1097,别墅,总价 769(万/套),杭州科筑投资开发有限公司
1098,别墅,总价 424(万/套),杭州金实房地产开发有限公司
1099,别墅,总价 365(万/套),杭州临安融金置业有限公司
1100,住宅,价格待定,杭州荣德置业有限公司
1101,住宅,均价 13200元/平,杭州盛都置业有限公司
1102,别墅,总价 315(万/套),浙江清源房地产开发有限公司
1103,商业,总价 53(万/套),杭州富阳金启房地产开发有限公司
1104,别墅,总价 1113(万/套),杭州保亿湘越置业有限公司
1105,商业类,均价 40000元/平,杭州臻祥房地产开发有限公司
1106,别墅,总价 1110(万/套),开茂置业（杭州）有限公司
1107,别墅,价格待定,杭州越荣房地产开发有限公司
1108,住宅,均价 27205元/平,杭州龙程房地产开发有限公司
1109,住宅,均价 20300元/平,杭州天灿房地产开发有限公司
1110,别墅,价格待定,杭州润安置业有限公司
1111,住宅,均价 15000元/平,杭州绿城银湖置业有限公司
1112,商业,价格待定,杭州启富房地产开发有限公司
1113,别墅,价格待定,浙江南都置业有限公司
1114,住宅,价格待定,杭州祥生宜景房地产开发有限公司
1115,别墅,价格待定, 杭州祥生宜景房地产开发有限公司
1116,别墅,价格待定,杭州长龙置业有限公司
1117,写字楼,均价 13500元/平,杭州网新银湖科技有限公司
1118,住宅,均价 15300元/平,浙江恒伟控股集团杭州生物科技有限公司
1119,别墅,总价 300(万/套),杭州天灿房地产开发有限公司
1120,住宅,均价 21000元/平,杭州嘉辰房地产开发有限公司
1121,住宅,价格待定,杭州隽洋置业有限公司
1122,别墅,价格待定,杭州隽洋置业有限公司
1123,别墅,总价 1197(万/套),杭州绿城东和置业有限公司
1124,商业类,均价 21000元/平,杭州网新银湖科技有限公司
1125,别墅,总价 2408(万/套),绿地控股集团杭州东城房地产开发有限公司
1126,商业类,均价 34000元/平,杭州宸盛置业有限公司
1127,住宅,均价 12000元/平,杭州百恒置业有限公司
1128,别墅,总价 200(万/套),杭州百恒置业有限公司
1129,商业,价格待定,杭州东田上庭置业有限公司
1130,商业类,价格待定,暂无信息
1131,别墅,总价 376(万/套),杭州和谐置业有限公司
1132,商业,价格待定,杭州锦繁置业有限公司
1133,住宅,均价 16800元/平,富阳东润置业有限公司
1134,住宅,均价 30000元/平,杭州嘉辰房地产开发有限公司
1135,别墅,总价 920(万/套),杭州德信蜀山置业有限公司
1136,住宅,总价 261(万/套),杭州德信蜀山置业有限公司
1137,商业类,均价 29000元/平,杭州九居实业有限公司
1138,别墅,总价 372(万/套),浙江临安富源房地产开发有限公司
1139,住宅,均价 20000元/平,杭州万锦置业有限公司
1140,商业,价格待定,杭州奥克斯置业有限公司
1141,别墅,价格待定,杭州振明置业有限公司
1142,别墅,价格待定,杭州融大齐云置业有限公司
1143,别墅,价格待定,杭州丽湖房地产开发有限公司
1144,别墅,均价 46900元/平,杭州玉宸地产有限公司
1145,住宅,价格待定,建德碧桂园房地产开发有限公司
1146,住宅,均价 48600元/平,开茂置业（杭州）有限公司
1147,底商,价格待定,杭州金合置业有限公司
1148,住宅,价格待定,杭州惠余置业有限公司
1149,商业类,均价 31000元/平,杭州中豪水湘置业有限公司
1150,商业,价格待定,浙江恒发置业有限公司
1151,住宅,价格待定,桐庐励耘实业有限公司
1152,别墅,总价 451(万/套),杭州银弘实业有限责任公司
1153,别墅,总价 533(万/套),杭州万锦置业有限公司
1154,住宅,价格待定,杭州睿都置业有限公司
1155,别墅,价格待定,杭州睿都置业有限公司
1156,别墅,总价 568(万/套),杭州鑫悦置业有限公司
1157,住宅,均价 21000元/平,杭州富阳富茂置业有限公司
1158,住宅,均价 20000元/平,杭州华元房地产集团有限公司
1159,商业类,均价 21000元/平,杭州汇和置业有限公司
1160,别墅,总价 472(万/套),杭州仁河置业有限公司
1161,住宅,均价 22500元/平,杭州弘招城房地产开发有限公司
1162,住宅,均价 15000元/平,杭州易辰房地产开发有限公司
1163,别墅,价格待定,杭州冠富房地产开发有限公司
1164,住宅,总价 173(万/套),杭州金运房地产开发有限公司
1165,别墅,总价 412(万/套),杭州弘招城房地产开发有限公司
1166,住宅,价格待定,杭州宸盛置业有限公司
1167,住宅,总价 346(万/套),杭州滨宁房地产开发有限公司
1168,商业类,价格待定,杭州星澳置业有限公司
1169,别墅,总价 994(万/套),暂无信息
1170,商业类,价格待定,杭州旅游投资发展有限公司
1171,住宅,均价 38600元/平,杭州祥生弘程房地产开发有限公司
1172,别墅,价格待定,杭州祥生弘程房地产开发有限公司
1173,住宅,价格待定,杭州远东房地产开发有限公司
1174,住宅,均价 14000元/平,临安市城镇房地产开发有限公司
1175,商业类,均价 32000元/平,广宇集团股份有限公司
1176,别墅,总价 300(万/套),暂无信息
1177,住宅,均价 20500元/平,杭州北隆房地产开发有限公司
1178,住宅,均价 47768元/平,杭州保泓房地产开发有限公司
1179,别墅,总价 855(万/套),杭州景胜置业有限公司
1180,底商,价格待定,杭州贝利金都置业有限公司
1181,住宅,价格待定,杭州滨望房地产开发有限公司
1182,住宅,价格待定,杭州名宸置业有限公司
1183,住宅,总价 361(万/套),杭州锦翎置业有限公司
1184,住宅,价格待定,杭州康欣置业有限公司
1185,别墅,价格待定,杭州康欣置业有限公司
1186,住宅,均价 14000元/平,杭州春盛置业有限公司
1187,住宅,价格待定,联发集团联翔（杭州）房地产开发有限公司
1188,别墅,总价 684(万/套),联发集团联翔（杭州）房地产开发有限公司
1189,底商,均价 52000元/平,杭州盛寅房地产开发有限公司
1190,住宅,均价 21500元/平,杭州天林置业有限公司
1191,别墅,总价 450(万/套),杭州天林置业有限公司
1192,商业类,均价 90000元/平,杭州华联置业有限公司
1193,住宅,均价 18000元/平,杭州沛都房地产开发有限公司
1194,别墅,总价 444(万/套),杭州越秀房地产开发有限公司
1195,住宅,均价 16500元/平,暂无信息
1196,别墅,总价 380(万/套),杭州临安融成置业有限公司
1197,别墅,总价 2026(万/套),杭州融歆房地产开发有限公司
1198,住宅,均价 21000元/平,杭州富阳中庆房地产发展有限公司
1199,别墅,总价 803(万/套),杭州奥克斯置业有限公司
1200,住宅,价格待定,杭州萧山爱迪尔房地产有限公司
1201,住宅,均价 40800元/平,杭州泰都置业有限公司
1202,住宅,价格待定,杭州奥克斯置业有限公司
1203,住宅,均价 34200元/平,杭州港中旅城市发展有限公司
1204,住宅,均价 29000元/平,杭州世茂新体验房地产有限责任公司
1205,住宅,均价 21300元/平,金隅中铁诺德（杭州）房地产开发有限公司
1206,底商,均价 25000元/平,杭州创华置业有限公司
1207,住宅,均价 33000元/平,杭州科融置业有限公司
1208,商业,价格待定,杭州港联置业有限公司
1209,住宅,均价 22000元/平,杭州富阳利光和房地产开发有限公司
1210,住宅,均价 18962元/平,保亿临湖（杭州）置业有限公司
1211,住宅,均价 30200元/平,杭州龙荟房地产开发有限公司
1212,住宅,均价 72000元/平,暂无信息
1213,住宅,均价 18200元/平,杭州绿地锦城房地产开发有限公司
1214,别墅,总价 445(万/套),暂无信息
1215,住宅,均价 12500元/平,杭州富阳恒鑫房地产有限公司
1216,住宅,均价 20800元/平,杭州锦昊房地产开发有限公司
1217,商业类,均价 27000元/平,杭州德信蜀山置业有限公司
1218,住宅,均价 35000元/平,杭州萧山奥克斯置业有限公司
1219,住宅,均价 29700元/平,杭州华宇业瑞房地产开发有限公司
1220,别墅,总价 880(万/套),杭州华宇业瑞房地产开发有限公司
1221,商业类,均价 28000元/平,杭州华宇业瑞房地产开发有限公司
1222,住宅,均价 21200元/平,暂无信息
1223,别墅,总价 1104(万/套),杭州龙誉投资管理有限公司
1224,住宅,均价 20800元/平,杭州富云置业有限公司
1225,住宅,价格待定,杭州宸睿置业有限公司
1226,住宅,均价 22900元/平,杭州融辰置业有限公司
1227,住宅,均价 42000元/平,杭州滨悦房地产开发有限公司
1228,别墅,总价 650(万/套),杭州兰侨置业有限公司
1229,住宅,价格待定,杭州隽远置业有限公司
1230,别墅,价格待定,杭州隽远置业有限公司
1231,住宅,均价 12600元/平,杭州宇祥房地产开发有限公司
1232,别墅,总价 520(万/套),杭州市房地产开发集团有限公司
1233,别墅,价格待定,杭州绿城交投锦溪置业有限公司
1234,住宅,均价 35500元/平,杭州兰侨置业有限公司
1235,住宅,均价 21800元/平,杭州润昕置业有限公司
1236,别墅,总价 345(万/套),杭州润昕置业有限公司
1237,住宅,价格待定,杭州金硕房地产开发有限公司
1238,别墅,价格待定,杭州金硕房地产开发有限公司
1239,住宅,价格待定,杭州馨华园房地产开发有限公司
1240,别墅,总价 580(万/套),杭州馨华园房地产开发有限公司
1241,住宅,均价 70800元/平,杭州滨恒房地产开发有限公司
1242,住宅,均价 37846元/平,杭州仁祥房地产开发有限公司
1243,别墅,总价 895(万/套),杭州仁祥房地产开发有限公司
1244,住宅,价格待定,杭州融尚置地有限公司
1245,住宅,价格待定,杭州融祥置地有限公司
1246,住宅,均价 48000元/平,杭州金辰置业有限公司
1247,商业类,均价 20000元/平,杭州圆汇投资置业有限公司
1248,商业类,均价 36000元/平,杭州龙郦实业有限公司
1249,住宅,均价 30600元/平,杭州泷悦置业有限公司
1250,住宅,均价 28000元/平,暂无信息
1251,住宅,均价 39600元/平,杭州中宸城镇建设有限公司
1252,商业类,均价 33000元/平,杭州富力房地产开发有限公司
1253,住宅,均价 36100元/平,杭州富力房地产开发有限公司
1254,住宅,总价 175(万/套),浙江德璟置业有限公司
1255,住宅,均价 48100元/平,杭州绿城滨和置业有限公司
1256,住宅,均价 22596元/平,杭州翡翠城房地产开发有限公司
1257,住宅,价格待定,杭州益光房地产开发有限公司
1258,住宅,均价 35664元/平,杭州西曙置业有限公司
1259,别墅,总价 124(万/套),杭州盛建置业有限公司
1260,住宅,均价 25600元/平,杭州昌赫置业有限公司
1261,别墅,价格待定,杭州昌赫置业有限公司
1262,住宅,均价 46500元/平,杭州龙誉投资管理有限公司
1263,住宅,均价 28800元/平,中铁诺德（杭州）置业有限公司
1264,底商,价格待定,杭州星澳置业有限公司
1265,住宅,均价 18000元/平,杭州嘉正置业有限公司
1266,住宅,均价 25200元/平,杭州中建申杭房地产开发有限公司
1267,别墅,总价 693(万/套),杭州中建申杭房地产开发有限公司
1268,别墅,总价 480(万/套),桐庐碧辰置业有限公司
1269,住宅,均价 19500元/平,桐庐碧辰置业有限公司
1270,商业类,均价 15000元/平,杭州富阳金启房地产开发有限公司
1271,商业类,均价 24500元/平,杭州科融置业有限公司
1272,商业类,均价 32000元/平,浙江华联杭州湾创业有限公司
1273,住宅,价格待定,葛洲坝（杭州）房地产开发有限公司
1274,住宅,均价 21000元/平,杭州地上房地产集团有限公司
1275,住宅,均价 26600元/平,杭州临创置业有限公司
1276,别墅,总价 456(万/套),杭州临创置业有限公司
1277,住宅,均价 54011元/平,龙鼎房地产（杭州）有限公司
1278,住宅,均价 47973元/平,杭州中冶名锦房地产开发有限公司
1279,住宅,均价 38300元/平,杭州南兴房地产开发有限公司
1280,别墅,总价 624(万/套),杭州南兴房地产开发有限公司
1281,底商,均价 23000元/平,暂无信息
1282,住宅,均价 10000元/平,建德市乾潭商会大厦开发建设有限公司
1283,商业类,均价 29000元/平,杭州西太华坤生房地产有限公司
1284,住宅,均价 46500元/平,长淮信达地产有限公司
1285,住宅,均价 54264元/平,龙景房地产（杭州）有限公司
1286,住宅,均价 26500元/平,杭州润珹房地产开发有限公司
1287,住宅,均价 28193元/平,杭州创蜀房地产开发有限责任公司
1288,商业类,均价 41000元/平,杭州合威置业有限公司
1289,住宅,价格待定,杭州绿润置业有限公司
1290,住宅,价格待定,暂无信息
1291,住宅,价格待定,杭州承惠房地产开发有限公司
1292,别墅,价格待定,杭州通策宝群置业有限公司
1293,住宅,价格待定,杭州鑫怡置业有限公司
1294,别墅,价格待定,杭州鑫怡置业有限公司
1295,商业类,均价 13500元/平,浙江德璟置业有限公司
1296,商业类,均价 28000元/平,浙江星达置业有限公司
1297,住宅,价格待定,杭州中海海创房地产有限公司
1298,住宅,均价 15000元/平,临安园丁置业有限公司
1299,住宅,均价 25000元/平,杭州正梁置业有限公司
1300,别墅,总价 608(万/套),杭州正梁置业有限公司
1301,别墅,总价 1408.8(万/套),杭州德淼置业有限公司
1302,别墅,总价 560(万/套),浙江朝华房地产开发有限公司
1303,住宅,均价 17800元/平,杭州卓林置业有限公司
1304,住宅,价格待定,杭州融朗房地产开发有限公司
1305,住宅,价格待定,杭州德信润楠置业有限公司
1306,别墅,总价 951(万/套),杭州德信润楠置业有限公司
1307,住宅,均价 13600元/平,杭州萧山银城置业有限公司
1308,住宅,价格待定,杭州佳裕置业有限公司
1309,住宅,价格待定,淳安碧桂园房地产开发有限公司
1310,别墅,价格待定,淳安碧桂园房地产开发有限公司
1311,住宅,均价 18900元/平,杭州锦圆置业有限公司
1312,住宅,均价 19000元/平,杭州融伦置业有限公司
1313,住宅,均价 38500元/平,杭州丰涛置业有限公司
1314,住宅,均价 19700元/平,杭州弘利房地产开发有限公司
1315,别墅,总价 592(万/套),杭州弘利房地产开发有限公司
1316,住宅,均价 43427元/平,杭州锦府置业有限公司
1317,商业类,均价 20000元/平,杭州瑞胜置业有限公司
1318,住宅,均价 35000元/平,杭州首开润泰置业有限公司
1319,别墅,总价 1555.2(万/套),杭州首开润泰置业有限公司
1320,商业类,均价 15000元/平,金隅（杭州）房地产开发有限公司
1321,住宅,总价 363(万/套),杭州嘉裕房地产开发经营有限公司
1322,住宅,均价 23600元/平,中交美庐（杭州）置业有限公司
1323,别墅,价格待定,中交美庐（杭州）置业有限公司
1324,住宅,总价 115(万/套),中量建工股份有限公司
1325,住宅,均价 19000元/平,浙江朝华房地产开发有限公司
1326,商业类,均价 43000元/平,杭州国逸实业有限公司
1327,住宅,均价 15700元/平,杭州富阳瑞宸房地产有限公司
1328,别墅,总价 1167(万/套),杭州嘉裕房地产开发经营有限公司
1329,商业,价格待定,暂无信息
1330,住宅,均价 50000元/平,杭州绿城风华房地产开发有限公司
1331,住宅,价格待定,杭州西湖房地产集团有限公司
1332,别墅,总价 368(万/套),暂无信息
1333,住宅,均价 16800元/平,杭州德凯置业有限公司
1334,商业类,均价 12000元/平,杭州临安锦科实业投资有限公司
1335,别墅,总价 400(万/套),银城地产集团股份有限公司
1336,商业类,均价 16000元/平,杭州展骧实业有限公司
1337,别墅,总价 493(万/套),暂无信息
1338,住宅,均价 37500元/平,杭州滨原房地产开发有限公司
1339,住宅,均价 15600元/平,杭州香墅湾房地产开发有限公司
1340,别墅,总价 392(万/套),杭州香墅湾房地产开发有限公司
1341,住宅,总价 472(万/套),杭州滨乾房地产开发有限公司
1342,别墅,总价 440(万/套),杭州嘉怡置业有限公司
1343,别墅,总价 776(万/套),杭州西曙置业有限公司
1344,住宅,价格待定,杭州钰杭房地产开发有限公司
1345,住宅,均价 50204元/平,杭州杭天房地产开发有限公司
1346,别墅,总价 358(万/套),杭州越星房地产开发有限公司
1347,住宅,均价 46600元/平,杭州钰杭房地产开发有限公司
1348,住宅,均价 46000元/平,杭州京宏房地产开发有限公司
1349,别墅,均价 60600元/平,杭州京宏房地产开发有限公司
1350,住宅,均价 22500元/平,杭州富阳万达置业有限公司
1351,住宅,均价 46500元/平,杭州滨沁房地产开发有限公司
1352,住宅,价格待定,杭州世茂新领航房地产有限责任公司
1353,住宅,均价 18880元/平,杭州杭秀房地产开发有限公司
1354,别墅,总价 1260(万/套),杭州滨沁房地产开发有限公司
1355,别墅,总价 400(万/套),杭州杭秀房地产开发有限公司
1356,住宅,均价 25600元/平,杭州金越房地产开发有限公司
1357,住宅,均价 37500元/平,杭州绿城启兴置业有限公司
1358,别墅,总价 1047(万/套),杭州创蜀房地产开发有限责任公司
1359,别墅,价格待定,浙江国恒西溪置业有限公司
1360,住宅,均价 18300元/平,杭州嘉珺房地产开发有限公司
1361,住宅,均价 56000元/平,暂无信息
1362,别墅,总价 987(万/套),杭州茂国悦盈置业有限公司
1363,住宅,均价 22000元/平,杭州荣尚置业有限公司
1364,别墅,均价 45200元/平,杭州金越房地产开发有限公司
1365,住宅,均价 13667元/平,杭州萧山城区建设有限公司
1366,别墅,总价 551(万/套),临安园丁置业有限公司
1367,住宅,均价 37500元/平,杭州滨御房地产开发有限公司
1368,住宅,均价 18000元/平,杭州之江万固置业有限公司
1369,住宅,均价 36000元/平,杭州荣福置业有限公司
1370,别墅,均价 40000元/平,杭州荣福置业有限公司
1371,住宅,均价 37500元/平,杭州绿城浙帆置业有限公司
1372,住宅,均价 46500元/平,杭州港中旅钱江城市发展有限公司
1373,住宅,均价 33500元/平,杭州滨得房地产开发有限公司
1374,住宅,均价 49657元/平,杭州滨音企业管理有限公司
1375,住宅,均价 27800元/平,杭州临光房地产开发有限公司
1376,别墅,总价 443(万/套),杭州临光房地产开发有限公司
1377,住宅,价格待定,杭州融辉铭著实业有限公司
1378,住宅,均价 32500元/平,杭州锦瑜置业有限公司
1379,住宅,均价 11020元/平,杭州萧山华景川房地产开发有限公司
1380,住宅,均价 32200元/平,杭州锦澜置业有限公司
1381,住宅,价格待定,杭州临安同人置业有限公司
1382,住宅,均价 17000元/平,杭州临安龙兴房地产开发有限公司
1383,住宅,均价 56900元/平,杭州绿城致昇置业有限公司
1384,住宅,均价 20500元/平,杭州星信置业有限公司
1385,住宅,均价 27800元/平,杭州励东房地产开发有限公司
1386,住宅,均价 47000元/平,杭州滨博房地产开发有限公司
1387,住宅,价格待定,杭州鑫建辉实业有限公司
1388,住宅,均价 16300元/平,杭州鸿扬投资管理有限公司
1389,住宅,均价 24000元/平,杭州嘉玥房地产开发有限公司
1390,别墅,总价 397(万/套),杭州嘉玥房地产开发有限公司
1391,住宅,均价 40100元/平,杭州天钰房地产开发有限公司
1392,别墅,总价 775(万/套),杭州天钰房地产开发有限公司
1393,住宅,价格待定,杭州金虹置业有限公司
1394,住宅,均价 27700元/平,杭州星滨置业有限公司
1395,别墅,总价 483(万/套),杭州融伦置业有限公司
1396,住宅,均价 46500元/平,杭州骏兴置业有限公司
1397,住宅,均价 43179元/平,杭州金贤房地产开发有限公司
1398,住宅,均价 30489元/平,联发集团杭州联嘉房地产开发有限公司
1399,住宅,均价 33000元/平,杭州锦昱置业有限公司
1400,住宅,均价 44900元/平,杭州禹翔房地产开发有限公司
1401,住宅,均价 69800元/平,杭州滨融房地产开发有限公司
1402,住宅,均价 45000元/平,杭州嘉佑置业有限公司
1403,住宅,均价 56900元/平,杭州中海启晖房地产有限公司
1404,住宅,均价 47000元/平,杭州碧光房地产开发有限公司
1405,别墅,总价 676(万/套),杭州恒盛置业有限公司
1406,住宅,价格待定,杭州祥生宜信房地产开发有限公司
1407,住宅,均价 25000元/平,暂无信息
1408,住宅,均价 19800元/平,杭州星雨置业有限公司
1409,住宅,均价 30000元/平,杭州龙湖房地产开发有限公司
1410,住宅,均价 19000元/平,杭州光润置业有限公司
1411,住宅,均价 23000元/平,保亿丽光（杭州）置业有限公司
1412,住宅,均价 28500元/平,理想四维地产集团有限公司
1413,住宅,均价 10334元/平,杭州嘉灿房地产开发有限公司
1414,别墅,总价 389(万/套),杭州嘉灿房地产开发有限公司
1415,住宅,价格待定,杭州美润房地产有限公司
1416,商业类,均价 32000元/平,暂无信息
1417,住宅,均价 22000元/平,杭州明道房地产开发有限公司
1418,住宅,均价 22300元/平,浙江新广发置业有限公司
1419,住宅,均价 37500元/平,杭州融浩置业有限公司
1420,商业类,均价 20000元/平,嘉凯城城镇化建设发展（余杭闲林）有限公司
1421,别墅,总价 2765(万/套),杭州滨融房地产开发有限公司
1422,住宅,均价 37500元/平,保利（杭州）房地产开发有限公司
1423,住宅,均价 20800元/平,杭州铭筑房地产开发有限公司
1424,住宅,均价 19500元/平,杭州德信富东置业有限公司
1425,住宅,均价 28700元/平,杭州隽胜置业有限公司
1426,住宅,均价 28500元/平,杭州锦官置业有限公司
1427,别墅,总价 855(万/套),暂无信息
1428,住宅,均价 15100元/平,杭州九城置业有限公司
1429,住宅,均价 19800元/平,杭州隽伟置业有限公司
1430,住宅,均价 21000元/平,杭州桐恒置业有限公司
1431,住宅,均价 33000元/平,杭州北和置业有限公司
1432,别墅,总价 744(万/套),暂无信息
1433,住宅,均价 28000元/平,杭州卓越润达置业有限公司
1434,住宅,均价 30000元/平,杭州冬宇房地产开发有限公司
1435,住宅,均价 37500元/平,杭州元融坤房地产开发有限公司
1436,住宅,均价 30540元/平,杭州名城博园置业有限公司
1437,住宅,均价 21000元/平,浙江天都实业有限公司
1438,住宅,均价 47000元/平,杭州滨儒企业管理有限公司
1439,住宅,均价 34000元/平,暂无信息
1440,住宅,均价 37040元/平,杭州瀚置和悦实业发展有限公司
1441,住宅,均价 23047元/平,杭州兴湖置业有限公司
1442,住宅,均价 33400元/平,杭州北辰京诚置业有限公司
1443,别墅,总价 650(万/套),杭州北辰京诚置业有限公司
1444,住宅,均价 33000元/平,杭州滨丰房地产开发有限公司
1445,住宅,均价 40800元/平,杭州惠烜有限公司
1446,住宅,均价 20500元/平,杭州众安银湖房地产开发有限公司
1447,商业类,均价 35000元/平,暂无信息
1448,住宅,均价 20800元/平,暂无信息
1449,住宅,均价 18550元/平,杭州临安新都房地产开发有限公司
1450,住宅,均价 37500元/平,杭州星熙置业有限公司
1451,住宅,均价 23000元/平,杭州隽劲置业有限公司
1452,住宅,均价 20800元/平,杭州锦衡置业有限公司
1453,住宅,均价 15100元/平,杭州临安新都房地产开发有限公司
1454,住宅,均价 40500元/平,金隅瀚潮（杭州）房地产开发有限公司
1455,住宅,均价 42400元/平,杭州花创房地产开发有限公司
1456,商业类,均价 45000元/平,杭州融歆房地产开发有限公司
1457,商业类,均价 28500元/平,杭州科筑投资开发有限公司
1458,住宅,均价 23000元/平,杭州祥生宜远房地产开发有限公司
1459,住宅,均价 23000元/平,杭州隽恒置业有限公司
1460,住宅,均价 20563元/平,杭州绿城银湖置业有限公司
1461,住宅,均价 47000元/平,杭州绿城浙昱置业有限公司
1462,住宅,均价 36900元/平,杭州众安白马房地产开发有限公司
1463,住宅,均价 34500元/平,杭州石宸置业有限公司
1464,住宅,均价 14600元/平,杭州三升置业发展有限公司
1465,住宅,均价 18000元/平,杭州大华新湾房地产开发有限公司
1466,住宅,均价 29800元/平,杭州滨宇房地产开发有限公司
1467,别墅,总价 846(万/套),杭州金唐房地产开发有限公司
1468,住宅,均价 23000元/平,杭州绿臻置业有限公司
1469,住宅,均价 23000元/平,杭州西湖房地产集团有限公司
1470,商业,价格待定,杭州晋烜房地产开发有限公司
1471,住宅,均价 25000元/平,杭州艺尚建设开发有限公司
1472,住宅,均价 17900元/平,杭州地上集团城南房地产有限公司
1473,住宅,均价 37500元/平,杭州滨荣房地产开发有限公司
1474,住宅,均价 46500元/平,杭州德信产业发展有限公司
1475,住宅,均价 30000元/平,杭州德信九乔置业有限公司
1476,住宅,价格待定,杭州滨合房地产开发有限公司
1477,住宅,均价 16100元/平,杭州金戴房地产开发有限公司
1478,住宅,均价 45000元/平,杭州康浩置业有限公司
1479,住宅,均价 34000元/平,杭州滨昌房地产开发有限公司
1480,住宅,均价 36000元/平,杭州祥麟置业有限公司
1481,住宅,均价 33500元/平,杭州丰麟置业有限公司
1482,住宅,均价 37478元/平,杭州茶镇置业开发有限公司
1483,别墅,均价 49000元/平,甘建投（杭州）房地产有限公司
1484,住宅,均价 22988元/平,杭州新城创宏房地产开发有限公司
1485,住宅,均价 33500元/平,杭州萧麟置业有限公司
1486,住宅,均价 47000元/平,杭州康丰置业有限公司
1487,别墅,总价 500(万/套),杭州新城英冠鸿轩房地产开发有限公司
1488,住宅,均价 33500元/平,顺发恒业有限公司
1489,住宅,均价 38000元/平,杭州融益房地产开发有限公司
1490,住宅,均价 40000元/平,杭州远宸建祥置业有限公司
1491,底商,均价 50000元/平,杭州科融置业有限公司
1492,住宅,均价 26000元/平,杭州大华青山湖房地产开发有限公司
1493,商业类,均价 22000元/平,嘉凯城城镇化建设发展（余杭星桥）有限公司
1494,住宅,均价 30000元/平,杭州旅投房地产开发有限公司
1495,住宅,均价 30000元/平,杭州敏景房地产开发有限公司
1496,住宅,均价 27452元/平,杭州桃李湖滨房地产开发有限公司
1497,别墅,总价 560(万/套),杭州桃李湖滨房地产开发有限公司
1498,住宅,均价 34000元/平,杭州滨航房地产开发有限公司
1499,住宅,均价 45000元/平,杭州滨泰房地产开发有限公司
1500,住宅,均价 28100元/平,杭州融洽实业有限公司
1501,住宅,均价 58000元/平,杭州兆欣房地产有限公司
1502,住宅,均价 36000元/平,浙江星晖置业有限公司
1503,别墅,总价 1043(万/套),杭州绿城交投锦溪置业有限公司
1504,写字楼,均价 20000元/平,暂无信息
1505,住宅,均价 54000元/平,杭州融滨昌盛置业有限公司
1506,住宅,均价 14000元/平, 德信地产集团有限公司
1507,别墅,总价 380(万/套),德信地产集团有限公司
1508,住宅,均价 32500元/平,招商局地产（杭州）有限公司
1509,住宅,均价 33500元/平,杭州景晖置业有限公司
1510,住宅,均价 13156元/平,杭州萧山锦翔房地产开发有限公司
1511,住宅,均价 17800元/平,杭州国申房地产开发有限公司
1512,住宅,均价 20000元/平,杭州芳满庭置业有限公司
1513,住宅,均价 28300元/平,暂无信息
1514,住宅,均价 47208元/平,杭州滨远房地产开发有限公司
1515,住宅,均价 23000元/平,杭州新城英冠房地产开发有限公司
1516,住宅,均价 47000元/平,华润置地（杭州）发展有限公司
1517,住宅,均价 19000元/平,建德德旭置业有限公司
1518,住宅,均价 47000元/平,杭州万科亚运村开发有限公司
1519,住宅,均价 25600元/平,杭州星涌置业有限公司
1520,住宅,均价 20000元/平,杭州逸都房地产开发有限公司
1521,住宅,均价 34000元/平,杭州瑞进合能房地产开发有限公司
1522,住宅,均价 38000元/平,杭州星昀置业有限公司
1523,底商,均价 40000元/平,杭州美生美置业有限公司
1524,住宅,均价 25000元/平,杭州保颐置业有限公司
1525,住宅,均价 19800元/平,杭州鸿城置业有限公司
1526,底商,均价 70000元/平,杭州合威置业有限公司
1527,住宅,均价 36000元/平,浙江韬创置业有限公司
1528,商业类,均价 45000元/平,杭州中海启晖房地产有限公司
1529,住宅,均价 28300元/平,杭州金穗房地产开发有限公司
1530,商业类,均价 44000元/平,杭州云起商用置业有限公司
1531,住宅,均价 19800元/平,杭州金蓬置业有限公司
1532,住宅,均价 47000元/平,杭州绿城亚运村开发有限公司
1533,住宅,均价 51700元/平,杭州滨文房地产开发有限公司
1534,住宅,均价 21000元/平,桐庐银悦商业发展有限公司
1535,住宅,均价 10000元/平,杭州高运房地产开发有限公司
1536,住宅,均价 51500元/平,杭州建泽房地产开发有限公司
1537,住宅,均价 36100元/平,湖州祥新房地产开发有限公司
1538,商业类,均价 26000元/平,暂无信息
1539,住宅,均价 37500元/平,暂无信息
1540,住宅,均价 37500元/平,杭州滨胜房地产开发有限公司
1541,住宅,均价 51500元/平,杭州龙宇置业有限公司
1542,住宅,均价 16118元/平,杭州德信临宸置业有限公司
1543,商业,均价 58000元/平,杭州中海海创房地产有限公司
1544,住宅,均价 37100元/平,杭州隽龙置业有限公司
1545,住宅,均价 37710元/平,杭州众安瑞祥房地产开发有限公司
1546,住宅,均价 30000元/平,杭州银沣房地产开发有限责任公司
1547,住宅,均价 40800元/平,杭州绿城浙芷置业有限公司
1548,住宅,均价 37500元/平,杭州滨胜房地产开发有限公司
1549,住宅,均价 18000元/平,杭州东望房地产开发有限公司
1550,住宅,均价 37500元/平,杭州潮悦房地产开发有限公司
1551,住宅,均价 19420元/平,杭州绿城浙超置业有限公司
1552,别墅,总价 330(万/套),杭州绿城浙超置业有限公司
1553,住宅,均价 31500元/平,杭州泛悦置业有限公司
1554,别墅,总价 600(万/套),杭州泛悦置业有限公司
1555,住宅,均价 31500元/平,杭州浙行置业有限公司
1556,商业类,价格待定,浙江百富建设集团有限公司
1557,住宅,均价 23000元/平,杭州轩都房地产开发有限公司
1558,住宅,均价 38000元/平,杭州万懿置业有限公司
1559,底商,均价 50000元/平,中铁诺德（杭州）置业有限公司
1560,住宅,均价 37500元/平,杭州绿城浙佑置业有限公司
1561,住宅,均价 55134元/平,寰华房地产（杭州）有限公司
1562,别墅,均价 67900元/平,寰华房地产（杭州）有限公司
1563,住宅,均价 22000元/平,杭州复禹置业有限公司
1564,住宅,均价 42400元/平,杭州浙谦置业有限公司
1565,住宅,均价 32300元/平,杭州科谊房地产开发有限公司
1566,住宅,均价 40800元/平,杭州茂启房地产开发有限公司
1567,住宅,均价 33000元/平,杭州保汇置业有限公司
1568,住宅,均价 17000元/平,杭州新丝路房地产开发有限公司
1569,住宅,均价 19800元/平,杭州星凝置业有限公司
1570,住宅,均价 22000元/平,杭州曲江新鸥鹏企业运营管理有限责任公司
1571,别墅,价格待定,葛洲坝（杭州）房地产开发有限公司
1572,底商,均价 48000元/平,杭州锦瑜置业有限公司
1573,商业类,价格待定,暂无信息
1574,住宅,均价 30000元/平,杭州万沙置业有限公司
1575,商业类,均价 80000元/平,杭州信达奥体置业有限公司
1576,住宅,均价 50179元/平,浙江中豪房屋建设开发有限公司
1577,住宅,均价 31400元/平,杭州西誉置业有限公司
1578,商业类,价格待定,杭州瑞进合能房地产开发有限公司
1579,住宅,均价 16257元/平,暂无信息
1580,别墅,价格待定,暂无信息
1581,住宅,均价 45000元/平,杭州瑞诚兴联置业有限公司
1582,住宅,均价 37500元/平,杭州滨江房产集团股份有限公司
1583,商业类,价格待定,杭州之一房地产开发有限公司
1584,住宅,均价 69800元/平,杭州滨来置业有限公司
1585,住宅,均价 37500元/平,杭州绿城宁欣置业有限公司
1586,商业类,价格待定,浙江德盛置业有限公司
1587,商业类,价格待定,杭州丰潭实业投资有限公司
1588,住宅,价格待定,暂无信息
1589,商业类,均价 16850元/平,暂无信息
1590,商业类,价格待定,暂无信息
1591,底商,价格待定,杭州泓璟达房地产开发有限公司
1592,别墅,总价 318(万/套),锦兴房地产开发（杭州）有限公司
1593,住宅,价格待定,暂无信息
1594,住宅,价格待定,杭州和祥房地产有限公司
1595,住宅,价格待定,杭州宝嘉房地产开发有限公司
1596,住宅,价格待定,暂无信息
1597,住宅,价格待定,暂无信息
1598,住宅,价格待定,杭州普特房地产开发有限公司
1599,住宅,价格待定,杭州中南嘉伟置业有限公司
1600,住宅,价格待定,九龙仓（杭州）置业有限公司
1601,商业类,价格待定,暂无信息
1602,住宅,价格待定,杭州天祥房地产有限公司
1603,住宅,总价 255(万/套),杭州嘉恒房地产开发有限公司
1604,住宅,价格待定,杭州新湖明珠置业有限公司 
1605,住宅,价格待定, 杭州融创大家房地产开发有限公司 
1606,住宅,价格待定,暂无信息
1607,住宅,价格待定,杭州富力房地产开发有限公司
1608,住宅,价格待定,杭州褐石房地产开发有限公司  
1609,住宅,价格待定,杭州弘竣房地产开发有限公司
1610,别墅,价格待定,杭州铭瑞房地产开发有限公司 
1611,住宅,价格待定,浙江运河协安置业有限公司
1612,住宅,价格待定,杭州融信恺昇房地产开发有限公司
1613,住宅,价格待定,杭州万鼎置业有限公司
1614,住宅,价格待定,港中旅成得（杭州）置业有限公司
1615,住宅,价格待定,杭州鑫瑞置业有限公司
1616,住宅,价格待定, 杭州万霆置业有限公司
1617,住宅,价格待定,杭州越隽房地产开发有限公司
1618,住宅,价格待定,杭州余杭奥克斯古墩置业有限公司
1619,住宅,价格待定,杭州金泽房地产开发有限公司 
1620,住宅,价格待定,浙江港中旅置业有限公司
1621,住宅,均价 28000元/平,浙江和创置业有限公司 
1622,住宅,价格待定,杭州宝仑房地产开发有限公司 
1623,住宅,价格待定,杭州康源置业有限公司
1624,底商,价格待定,和昌地产集团有限公司
1625,别墅,价格待定,浙江南都置业有限公司
1626,住宅,价格待定,杭州宝旭房地产开发有限公司
1627,住宅,价格待定,浙江昆源房地产开发有限公司
1628,商业类,价格待定,和昌地产集团有限公司
1629,住宅,均价 16200元/平,宝龙星创实业（杭州）有限公司
1630,住宅,价格待定,杭州天城房地产开发有限公司
1631,住宅,价格待定,杭州南苑房地产开发有限公司 
1632,住宅,价格待定,杭州品富房地产开发有限公司
1633,住宅,价格待定,杭州中海宏鲲房地产有限公司
1634,住宅,价格待定,杭州云禾置业有限公司
1635,住宅,价格待定,暂无信息
1636,别墅,价格待定,杭州合景房地产开发有限公司
1637,住宅,价格待定,杭州融城置业有限公司
1638,别墅,价格待定,暂无信息
1639,住宅,价格待定,杭州恒都房地产开发有限公司
1640,住宅,价格待定,凯德新业（杭州）房地产开发有限公司
1641,住宅,价格待定,杭州都成置业有限公司
1642,住宅,价格待定,杭州拓江置业有限公司
1643,住宅,价格待定,杭州万凯置业有限公司
1644,住宅,价格待定,杭州富阳融创置业有限公司
1645,住宅,价格待定,杭州赞成置业有限公司
1646,住宅,价格待定,杭州金凌置业有限公司
1647,别墅,总价 1080(万/套),杭州赞成置业有限公司
1648,商业类,均价 40000元/平,杭州东渡房地产开发有限公司
1649,商业类,价格待定,杭州世茂瑞盈置业有限公司 
